[  LOG  ] Trying to access home dir...
[  LOG  ] Detected app home dir: /home/aliahmad/.local/share/pket
[  LOG  ] Checking home dir...
[  LOG  ] Home dir exists.
[  LOG  ] Checking for target file...
[  LOG  ] Target temp stat completed.
[  LOG  ] Target file exists.
[  LOG  ] Making temporary dir...
[  LOG  ] Created temporary dir.
[  LOG  ] Starting package installation...
[ INFO  ] Extracting packet...
[  LOG  ] Opening package archive: microsoft.vscode-1.139.0.pkt (361285758 bytes).
[  LOG  ] Extracted 1000 archive entries...
[  LOG  ] Extracted 2000 archive entries...
[  LOG  ] Extracted 3000 archive entries...
[SUCCESS] Extracted 3220 archive entries.
[  LOG  ] Package extraction completed.
[  LOG  ] Manifest file found: /home/aliahmad/.local/share/pket/.pket-install-765468493/pket-manifest/pket-config.toml
[  LOG  ] SHA-512 verification available: true.
[  LOG  ] Hashing path: chrome_crashpad_handler
[  LOG  ] Hashing path: bin/code-tunnel
[  LOG  ] Hashing path: chrome_100_percent.pak
[  LOG  ] Hashing path: chrome_200_percent.pak
[  LOG  ] Hashing path: LICENSES.chromium.html
[  LOG  ] Hashing path: bin/code
[  LOG  ] Hashing path: chrome-sandbox
[  LOG  ] Hashing path: code
[  LOG  ] Hashing path: icudtl.dat
[  LOG  ] Hashing path: libEGL.so
[  LOG  ] Hashing path: libGLESv2.so
[  LOG  ] Hashing path: libffmpeg.so
[  LOG  ] Hashing path: libvk_swiftshader.so
[  LOG  ] Hashing path: libvulkan.so.1
[  LOG  ] Hashing path: locales/af.pak
[  LOG  ] Hashing path: locales/am.pak
[  LOG  ] Hashing path: locales/ar.pak
[  LOG  ] Hashing path: locales/bg.pak
[  LOG  ] Hashing path: locales/bn.pak
[  LOG  ] Hashing path: locales/ca.pak
[  LOG  ] Hashing path: locales/cs.pak
[  LOG  ] Hashing path: locales/da.pak
[  LOG  ] Hashing path: locales/de.pak
[  LOG  ] Hashing path: locales/el.pak
[  LOG  ] Hashing path: locales/en-GB.pak
[  LOG  ] Hashing path: locales/en-US.pak
[  LOG  ] Hashing path: locales/es-419.pak
[  LOG  ] Hashing path: locales/es.pak
[  LOG  ] Hashing path: locales/et.pak
[  LOG  ] Hashing path: locales/fa.pak
[  LOG  ] Hashing path: locales/fi.pak
[  LOG  ] Hashing path: locales/fil.pak
[  LOG  ] Hashing path: locales/fr.pak
[  LOG  ] Hashing path: locales/gu.pak
[  LOG  ] Hashing path: locales/he.pak
[  LOG  ] Hashing path: locales/hi.pak
[  LOG  ] Hashing path: locales/hr.pak
[  LOG  ] Hashing path: locales/hu.pak
[  LOG  ] Hashing path: locales/id.pak
[  LOG  ] Hashing path: locales/it.pak
[  LOG  ] Hashing path: locales/ja.pak
[  LOG  ] Hashing path: locales/kn.pak
[  LOG  ] Hashing path: locales/ko.pak
[  LOG  ] Hashing path: locales/lt.pak
[  LOG  ] Hashing path: locales/lv.pak
[  LOG  ] Hashing path: locales/ml.pak
[  LOG  ] Hashing path: locales/mr.pak
[  LOG  ] Hashing path: locales/ms.pak
[  LOG  ] Hashing path: locales/nb.pak
[  LOG  ] Hashing path: locales/nl.pak
[  LOG  ] Hashing path: locales/pl.pak
[  LOG  ] Hashing path: locales/pt-BR.pak
[  LOG  ] Hashing path: locales/pt-PT.pak
[  LOG  ] Hashing path: locales/ro.pak
[  LOG  ] Hashing path: locales/ru.pak
[  LOG  ] Hashing path: locales/sk.pak
[  LOG  ] Hashing path: locales/sl.pak
[  LOG  ] Hashing path: locales/sr.pak
[  LOG  ] Hashing path: locales/sv.pak
[  LOG  ] Hashing path: locales/sw.pak
[  LOG  ] Hashing path: locales/ta.pak
[  LOG  ] Hashing path: locales/te.pak
[  LOG  ] Hashing path: locales/th.pak
[  LOG  ] Hashing path: locales/tr.pak
[  LOG  ] Hashing path: locales/uk.pak
[  LOG  ] Hashing path: locales/ur.pak
[  LOG  ] Hashing path: locales/vi.pak
[  LOG  ] Hashing path: locales/zh-CN.pak
[  LOG  ] Hashing path: locales/zh-TW.pak
[  LOG  ] Hashing path: resources.pak
[  LOG  ] Hashing path: resources/app/LICENSE.rtf
[  LOG  ] Hashing path: resources/app/ThirdPartyNotices.txt
[  LOG  ] Hashing path: resources/app/extensions/TypeScriptTeam.jsts-chat-features/LICENSE.txt
[  LOG  ] Hashing path: resources/app/extensions/TypeScriptTeam.jsts-chat-features/logo.png
[  LOG  ] Hashing path: resources/app/extensions/TypeScriptTeam.jsts-chat-features/package.json
[  LOG  ] Hashing path: resources/app/extensions/TypeScriptTeam.jsts-chat-features/readme.md
[  LOG  ] Hashing path: resources/app/extensions/TypeScriptTeam.jsts-chat-features/skills/typescript-setup/SKILL.md
[  LOG  ] Hashing path: resources/app/extensions/TypeScriptTeam.jsts-chat-features/skills/typescript-update/4to5.md
[  LOG  ] Hashing path: resources/app/extensions/TypeScriptTeam.jsts-chat-features/skills/typescript-update/5to6.md
[  LOG  ] Hashing path: resources/app/extensions/TypeScriptTeam.jsts-chat-features/skills/typescript-update/6to7.md
[  LOG  ] Hashing path: resources/app/extensions/bat/language-configuration.json
[  LOG  ] Hashing path: resources/app/extensions/bat/package.json
[  LOG  ] Hashing path: resources/app/extensions/TypeScriptTeam.jsts-chat-features/skills/typescript-update/SKILL.md
[  LOG  ] Hashing path: resources/app/extensions/bat/snippets/batchfile.code-snippets
[  LOG  ] Hashing path: resources/app/extensions/bat/package.nls.json
[  LOG  ] Hashing path: resources/app/extensions/bat/syntaxes/batchfile.tmLanguage.json
[  LOG  ] Hashing path: resources/app/extensions/clojure/language-configuration.json
[  LOG  ] Hashing path: resources/app/extensions/clojure/package.json
[  LOG  ] Hashing path: resources/app/extensions/clojure/package.nls.json
[  LOG  ] Hashing path: resources/app/extensions/clojure/syntaxes/clojure.tmLanguage.json
[  LOG  ] Hashing path: resources/app/extensions/coffeescript/language-configuration.json
[  LOG  ] Hashing path: resources/app/extensions/coffeescript/package.json
[  LOG  ] Hashing path: resources/app/extensions/coffeescript/package.nls.json
[  LOG  ] Hashing path: resources/app/extensions/coffeescript/syntaxes/coffeescript.tmLanguage.json
[  LOG  ] Hashing path: resources/app/extensions/coffeescript/snippets/coffeescript.code-snippets
[  LOG  ] Hashing path: resources/app/extensions/configuration-editing/dist/configurationEditingMain.js
[  LOG  ] Hashing path: resources/app/extensions/configuration-editing/images/icon.png
[  LOG  ] Hashing path: resources/app/extensions/configuration-editing/package.json
[  LOG  ] Hashing path: resources/app/extensions/configuration-editing/package.nls.json
[  LOG  ] Hashing path: resources/app/extensions/configuration-editing/schemas/attachContainer.schema.json
[  LOG  ] Hashing path: resources/app/extensions/copilot/LICENSE.txt
[  LOG  ] Hashing path: resources/app/extensions/copilot/ThirdPartyNotices.txt
[  LOG  ] Hashing path: resources/app/extensions/copilot/assets/copilot.png
[  LOG  ] Hashing path: resources/app/extensions/copilot/assets/copilot.woff
[  LOG  ] Hashing path: resources/app/extensions/copilot/assets/debug-icon.svg
[  LOG  ] Hashing path: resources/app/extensions/copilot/assets/prompts/chronicle-cost-tips.prompt.md
[  LOG  ] Hashing path: resources/app/extensions/copilot/assets/prompts/chronicle-improve.prompt.md
[  LOG  ] Hashing path: resources/app/extensions/copilot/assets/prompts/chronicle-reindex.prompt.md
[  LOG  ] Hashing path: resources/app/extensions/copilot/assets/prompts/chronicle-search.prompt.md
[  LOG  ] Hashing path: resources/app/extensions/copilot/assets/prompts/chronicle-standup.prompt.md
[  LOG  ] Hashing path: resources/app/extensions/copilot/assets/prompts/chronicle-tips.prompt.md
[  LOG  ] Hashing path: resources/app/extensions/copilot/assets/prompts/plan.prompt.md
[  LOG  ] Hashing path: resources/app/extensions/copilot/assets/prompts/skills/agent-customization/SKILL.md
[  LOG  ] Hashing path: resources/app/extensions/copilot/assets/prompts/skills/agent-customization/references/agent-instructions.md
[  LOG  ] Hashing path: resources/app/extensions/copilot/assets/prompts/skills/agent-customization/references/agents.md
[  LOG  ] Hashing path: resources/app/extensions/copilot/assets/prompts/skills/agent-customization/references/hooks.md
[  LOG  ] Hashing path: resources/app/extensions/copilot/assets/prompts/skills/agent-customization/references/instructions.md
[  LOG  ] Hashing path: resources/app/extensions/copilot/assets/prompts/skills/agent-customization/references/prompts.md
[  LOG  ] Hashing path: resources/app/extensions/copilot/assets/prompts/skills/agent-customization/references/skills.md
[  LOG  ] Hashing path: resources/app/extensions/copilot/assets/prompts/skills/chronicle/SKILL.md
[  LOG  ] Hashing path: resources/app/extensions/copilot/assets/prompts/skills/create-agent/SKILL.md
[  LOG  ] Hashing path: resources/app/extensions/copilot/assets/prompts/skills/create-hook/SKILL.md
[  LOG  ] Hashing path: resources/app/extensions/copilot/assets/prompts/skills/create-instructions/SKILL.md
[  LOG  ] Hashing path: resources/app/extensions/copilot/assets/prompts/skills/create-prompt/SKILL.md
[  LOG  ] Hashing path: resources/app/extensions/copilot/assets/prompts/skills/create-skill/SKILL.md
[  LOG  ] Hashing path: resources/app/extensions/copilot/assets/prompts/skills/get-search-view-results/SKILL.md
[  LOG  ] Hashing path: resources/app/extensions/copilot/assets/prompts/skills/init/SKILL.md
[  LOG  ] Hashing path: resources/app/extensions/copilot/assets/prompts/skills/install-vscode-extension/SKILL.md
[  LOG  ] Hashing path: resources/app/extensions/copilot/assets/prompts/skills/project-setup-info-context7/SKILL.md
[  LOG  ] Hashing path: resources/app/extensions/copilot/assets/prompts/skills/project-setup-info-local/SKILL.md
[  LOG  ] Hashing path: resources/app/extensions/copilot/assets/prompts/skills/troubleshoot/SKILL.md
[  LOG  ] Hashing path: resources/app/extensions/copilot/changelog.md
[  LOG  ] Hashing path: resources/app/extensions/copilot/dist/cl100k_base.tiktoken
[  LOG  ] Hashing path: resources/app/extensions/copilot/dist/copilotCLIShim.js
[  LOG  ] Hashing path: resources/app/extensions/copilot/dist/copilotCLITodoWorker.js
[  LOG  ] Hashing path: resources/app/extensions/copilot/dist/copilotDebugCommand.js
[  LOG  ] Hashing path: resources/app/extensions/copilot/dist/diffWorker.js
[  LOG  ] Hashing path: resources/app/extensions/copilot/dist/extension.js
[  LOG  ] Hashing path: resources/app/extensions/copilot/dist/external_ingest_utils_bg.wasm
[  LOG  ] Hashing path: resources/app/extensions/copilot/dist/o200k_base.tiktoken
[  LOG  ] Hashing path: resources/app/extensions/copilot/dist/suggestionsPanelWebview.js
[  LOG  ] Hashing path: resources/app/extensions/copilot/dist/tikTokenizerWorker.js
[  LOG  ] Hashing path: resources/app/extensions/copilot/dist/tree-sitter-c-sharp.wasm
[  LOG  ] Hashing path: resources/app/extensions/copilot/dist/tree-sitter-cpp.wasm
[  LOG  ] Hashing path: resources/app/extensions/copilot/dist/tree-sitter-go.wasm
[  LOG  ] Hashing path: resources/app/extensions/copilot/dist/tree-sitter-java.wasm
[  LOG  ] Hashing path: resources/app/extensions/copilot/dist/tree-sitter-javascript.wasm
[  LOG  ] Hashing path: resources/app/extensions/copilot/dist/tree-sitter-php.wasm
[  LOG  ] Hashing path: resources/app/extensions/copilot/dist/tree-sitter-python.wasm
[  LOG  ] Hashing path: resources/app/extensions/copilot/dist/tree-sitter-ruby.wasm
[  LOG  ] Hashing path: resources/app/extensions/copilot/dist/tree-sitter-rust.wasm
[  LOG  ] Hashing path: resources/app/extensions/copilot/dist/tree-sitter-tsx.wasm
[  LOG  ] Hashing path: resources/app/extensions/copilot/dist/tree-sitter-typescript.wasm
[  LOG  ] Hashing path: resources/app/extensions/copilot/dist/tree-sitter.wasm
[  LOG  ] Hashing path: resources/app/extensions/copilot/dist/worker2.js
[  LOG  ] Hashing path: resources/app/extensions/copilot/node_modules/@github/copilot/package.json
[  LOG  ] Hashing path: resources/app/extensions/copilot/node_modules/@github/copilot/sdk/definitions/code-review.agent.yaml
[  LOG  ] Hashing path: resources/app/extensions/copilot/node_modules/@github/copilot/sdk/definitions/explore.agent.yaml
[  LOG  ] Hashing path: resources/app/extensions/copilot/node_modules/@github/copilot/sdk/definitions/rem-agent.agent.yaml
[  LOG  ] Hashing path: resources/app/extensions/copilot/node_modules/@github/copilot/sdk/definitions/research.agent.yaml
[  LOG  ] Hashing path: resources/app/extensions/copilot/node_modules/@github/copilot/sdk/definitions/rubber-duck.agent.yaml
[  LOG  ] Hashing path: resources/app/extensions/copilot/node_modules/@github/copilot/sdk/definitions/security-review.agent.yaml
[  LOG  ] Hashing path: resources/app/extensions/copilot/node_modules/@github/copilot/sdk/definitions/sidekick/cloud-session-search.yaml
[  LOG  ] Hashing path: resources/app/extensions/copilot/node_modules/@github/copilot/sdk/definitions/sidekick/github-context-memory.yaml
[  LOG  ] Hashing path: resources/app/extensions/copilot/node_modules/@github/copilot/sdk/definitions/sidekick/session-search.yaml
[  LOG  ] Hashing path: resources/app/extensions/copilot/node_modules/@github/copilot/sdk/definitions/sidekick/subconscious-agent.yaml
[  LOG  ] Hashing path: resources/app/extensions/copilot/node_modules/@github/copilot/sdk/definitions/sidekick/test-sidekick-persistent.yaml
[  LOG  ] Hashing path: resources/app/extensions/copilot/node_modules/@github/copilot/sdk/definitions/sidekick/test-sidekick-restart.yaml
[  LOG  ] Hashing path: resources/app/extensions/copilot/node_modules/@github/copilot/sdk/definitions/sidekick/test-sidekick-trigger-once.yaml
[  LOG  ] Hashing path: resources/app/extensions/copilot/node_modules/@github/copilot/sdk/definitions/sidekick/github-context.yaml
[  LOG  ] Hashing path: resources/app/extensions/copilot/node_modules/@github/copilot/sdk/definitions/task.agent.yaml
[  LOG  ] Hashing path: resources/app/extensions/copilot/node_modules/@github/copilot/sdk/prebuilds/linux-x64/cli-native.node
[  LOG  ] Hashing path: resources/app/extensions/copilot/node_modules/@github/copilot/sdk/index.js
[  LOG  ] Hashing path: resources/app/extensions/copilot/node_modules/@github/copilot/sdk/prebuilds/linux-x64/runtime.node
[  LOG  ] Hashing path: resources/app/extensions/copilot/node_modules/@github/copilot/sdk/ripgrep/bin/linux-x64/rg
[  LOG  ] Hashing path: resources/app/extensions/copilot/node_modules/@github/copilot/sdk/tgrep/bin/linux-x64/tgrep
[  LOG  ] Hashing path: resources/app/extensions/copilot/node_modules/@github/copilot/shims.txt
[  LOG  ] Hashing path: resources/app/extensions/copilot/node_modules/@github/copilot/tgrep/bin/linux-x64/tgrep
[  LOG  ] Hashing path: resources/app/extensions/copilot/node_modules/@vscode/copilot-typescript-server-plugin/dist/main.js
[  LOG  ] Hashing path: resources/app/extensions/copilot/node_modules/@vscode/copilot-typescript-server-plugin/package.json
[  LOG  ] Hashing path: resources/app/extensions/copilot/package.json
[  LOG  ] Hashing path: resources/app/extensions/copilot/package.nls.cs.json
[  LOG  ] Hashing path: resources/app/extensions/copilot/package.nls.de.json
[  LOG  ] Hashing path: resources/app/extensions/copilot/package.nls.es.json
[  LOG  ] Hashing path: resources/app/extensions/copilot/package.nls.fr.json
[  LOG  ] Hashing path: resources/app/extensions/copilot/package.nls.it.json
[  LOG  ] Hashing path: resources/app/extensions/copilot/package.nls.ja.json
[  LOG  ] Hashing path: resources/app/extensions/copilot/package.nls.json
[  LOG  ] Hashing path: resources/app/extensions/copilot/package.nls.ko.json
[  LOG  ] Hashing path: resources/app/extensions/copilot/package.nls.pl.json
[  LOG  ] Hashing path: resources/app/extensions/copilot/package.nls.pt-br.json
[  LOG  ] Hashing path: resources/app/extensions/copilot/package.nls.qps-ploc.json
[  LOG  ] Hashing path: resources/app/extensions/copilot/package.nls.ru.json
[  LOG  ] Hashing path: resources/app/extensions/copilot/package.nls.tr.json
[  LOG  ] Hashing path: resources/app/extensions/copilot/package.nls.zh-cn.json
[  LOG  ] Hashing path: resources/app/extensions/copilot/package.nls.zh-tw.json
[  LOG  ] Hashing path: resources/app/extensions/copilot/readme.md
[  LOG  ] Hashing path: resources/app/extensions/copilot/telemetry.json
[  LOG  ] Hashing path: resources/app/extensions/cpp/language-configuration.json
[  LOG  ] Hashing path: resources/app/extensions/cpp/package.json
[  LOG  ] Hashing path: resources/app/extensions/cpp/package.nls.json
[  LOG  ] Hashing path: resources/app/extensions/cpp/snippets/c.code-snippets
[  LOG  ] Hashing path: resources/app/extensions/cpp/snippets/cpp.code-snippets
[  LOG  ] Hashing path: resources/app/extensions/cpp/syntaxes/c.tmLanguage.json
[  LOG  ] Hashing path: resources/app/extensions/cpp/syntaxes/cpp.embedded.macro.tmLanguage.json
[  LOG  ] Hashing path: resources/app/extensions/cpp/syntaxes/cpp.tmLanguage.json
[  LOG  ] Hashing path: resources/app/extensions/cpp/syntaxes/cuda-cpp.tmLanguage.json
[  LOG  ] Hashing path: resources/app/extensions/cpp/syntaxes/platform.tmLanguage.json
[  LOG  ] Hashing path: resources/app/extensions/csharp/language-configuration.json
[  LOG  ] Hashing path: resources/app/extensions/csharp/package.json
[  LOG  ] Hashing path: resources/app/extensions/csharp/package.nls.json
[  LOG  ] Hashing path: resources/app/extensions/csharp/snippets/csharp.code-snippets
[  LOG  ] Hashing path: resources/app/extensions/csharp/syntaxes/csharp.tmLanguage.json
[  LOG  ] Hashing path: resources/app/extensions/css-language-features/README.md
[  LOG  ] Hashing path: resources/app/extensions/css-language-features/client/dist/node/cssClientMain.js
[  LOG  ] Hashing path: resources/app/extensions/css-language-features/icons/css.png
[  LOG  ] Hashing path: resources/app/extensions/css-language-features/package.json
[  LOG  ] Hashing path: resources/app/extensions/css-language-features/package.nls.json
[  LOG  ] Hashing path: resources/app/extensions/css-language-features/schemas/package.schema.json
[  LOG  ] Hashing path: resources/app/extensions/css-language-features/server/.npmrc
[  LOG  ] Hashing path: resources/app/extensions/css-language-features/server/dist/node/cssServerMain.js
[  LOG  ] Hashing path: resources/app/extensions/css-language-features/server/package.json
[  LOG  ] Hashing path: resources/app/extensions/css/language-configuration.json
[  LOG  ] Hashing path: resources/app/extensions/css/package.json
[  LOG  ] Hashing path: resources/app/extensions/css/package.nls.json
[  LOG  ] Hashing path: resources/app/extensions/css/syntaxes/css.tmLanguage.json
[  LOG  ] Hashing path: resources/app/extensions/dart/language-configuration.json
[  LOG  ] Hashing path: resources/app/extensions/dart/package.json
[  LOG  ] Hashing path: resources/app/extensions/dart/package.nls.json
[  LOG  ] Hashing path: resources/app/extensions/dart/syntaxes/dart.tmLanguage.json
[  LOG  ] Hashing path: resources/app/extensions/debug-auto-launch/.vscode/launch.json
[  LOG  ] Hashing path: resources/app/extensions/debug-auto-launch/dist/extension.js
[  LOG  ] Hashing path: resources/app/extensions/debug-auto-launch/media/icon.png
[  LOG  ] Hashing path: resources/app/extensions/debug-auto-launch/package.json
[  LOG  ] Hashing path: resources/app/extensions/debug-auto-launch/package.nls.json
[  LOG  ] Hashing path: resources/app/extensions/debug-server-ready/dist/extension.js
[  LOG  ] Hashing path: resources/app/extensions/debug-server-ready/media/icon.png
[  LOG  ] Hashing path: resources/app/extensions/debug-server-ready/package.json
[  LOG  ] Hashing path: resources/app/extensions/debug-server-ready/package.nls.json
[  LOG  ] Hashing path: resources/app/extensions/diff/language-configuration.json
[  LOG  ] Hashing path: resources/app/extensions/diff/package.json
[  LOG  ] Hashing path: resources/app/extensions/diff/package.nls.json
[  LOG  ] Hashing path: resources/app/extensions/diff/syntaxes/diff.tmLanguage.json
[  LOG  ] Hashing path: resources/app/extensions/docker/language-configuration.json
[  LOG  ] Hashing path: resources/app/extensions/docker/package.json
[  LOG  ] Hashing path: resources/app/extensions/docker/package.nls.json
[  LOG  ] Hashing path: resources/app/extensions/docker/syntaxes/docker.tmLanguage.json
[  LOG  ] Hashing path: resources/app/extensions/dotenv/language-configuration.json
[  LOG  ] Hashing path: resources/app/extensions/dotenv/package.json
[  LOG  ] Hashing path: resources/app/extensions/dotenv/package.nls.json
[  LOG  ] Hashing path: resources/app/extensions/dotenv/syntaxes/dotenv.tmLanguage.json
[  LOG  ] Hashing path: resources/app/extensions/emmet/README.md
[  LOG  ] Hashing path: resources/app/extensions/emmet/dist/node/emmetNodeMain.js
[  LOG  ] Hashing path: resources/app/extensions/emmet/images/icon.png
[  LOG  ] Hashing path: resources/app/extensions/emmet/package.json
[  LOG  ] Hashing path: resources/app/extensions/emmet/package.nls.json
[  LOG  ] Hashing path: resources/app/extensions/extension-editing/dist/extensionEditingMain.js
[  LOG  ] Hashing path: resources/app/extensions/extension-editing/images/icon.png
[  LOG  ] Hashing path: resources/app/extensions/extension-editing/package.json
[  LOG  ] Hashing path: resources/app/extensions/extension-editing/package.nls.json
[  LOG  ] Hashing path: resources/app/extensions/fsharp/language-configuration.json
[  LOG  ] Hashing path: resources/app/extensions/fsharp/package.json
[  LOG  ] Hashing path: resources/app/extensions/fsharp/package.nls.json
[  LOG  ] Hashing path: resources/app/extensions/fsharp/snippets/fsharp.code-snippets
[  LOG  ] Hashing path: resources/app/extensions/fsharp/syntaxes/fsharp.tmLanguage.json
[  LOG  ] Hashing path: resources/app/extensions/git-base/README.md
[  LOG  ] Hashing path: resources/app/extensions/git-base/dist/extension.js
[  LOG  ] Hashing path: resources/app/extensions/git-base/languages/git-commit.language-configuration.json
[  LOG  ] Hashing path: resources/app/extensions/git-base/languages/git-rebase.language-configuration.json
[  LOG  ] Hashing path: resources/app/extensions/git-base/languages/ignore.language-configuration.json
[  LOG  ] Hashing path: resources/app/extensions/git-base/package.json
[  LOG  ] Hashing path: resources/app/extensions/git-base/package.nls.json
[  LOG  ] Hashing path: resources/app/extensions/git-base/resources/icons/git.png
[  LOG  ] Hashing path: resources/app/extensions/git-base/syntaxes/git-commit.tmLanguage.json
[  LOG  ] Hashing path: resources/app/extensions/git-base/syntaxes/git-rebase.tmLanguage.json
[  LOG  ] Hashing path: resources/app/extensions/git-base/syntaxes/ignore.tmLanguage.json
[  LOG  ] Hashing path: resources/app/extensions/git/README.md
[  LOG  ] Hashing path: resources/app/extensions/git/dist/askpass-empty.sh
[  LOG  ] Hashing path: resources/app/extensions/git/dist/askpass.sh
[  LOG  ] Hashing path: resources/app/extensions/git/dist/git-editor-empty.sh
[  LOG  ] Hashing path: resources/app/extensions/git/dist/git-editor-main.js
[  LOG  ] Hashing path: resources/app/extensions/git/dist/git-editor.sh
[  LOG  ] Hashing path: resources/app/extensions/git/dist/main.js
[  LOG  ] Hashing path: resources/app/extensions/git/dist/ssh-askpass-empty.sh
[  LOG  ] Hashing path: resources/app/extensions/git/dist/ssh-askpass.sh
[  LOG  ] Hashing path: resources/app/extensions/git/node_modules/@vscode/fs-copyfile/.gitattributes
[  LOG  ] Hashing path: resources/app/extensions/git/node_modules/@vscode/fs-copyfile/README.md
[  LOG  ] Hashing path: resources/app/extensions/git/dist/askpass-main.js
[  LOG  ] Hashing path: resources/app/extensions/git/node_modules/@vscode/fs-copyfile/binding.gyp
[  LOG  ] Hashing path: resources/app/extensions/git/node_modules/@vscode/fs-copyfile/SECURITY.md
[  LOG  ] Hashing path: resources/app/extensions/git/node_modules/@vscode/fs-copyfile/lib/cp.js
[  LOG  ] Hashing path: resources/app/extensions/git/node_modules/@vscode/fs-copyfile/lib/index.d.ts
[  LOG  ] Hashing path: resources/app/extensions/git/node_modules/@vscode/fs-copyfile/lib/cp.d.ts
[  LOG  ] Hashing path: resources/app/extensions/git/node_modules/@vscode/fs-copyfile/lib/index.js
[  LOG  ] Hashing path: resources/app/extensions/git/node_modules/@vscode/fs-copyfile/lib/native.d.ts
[  LOG  ] Hashing path: resources/app/extensions/git/node_modules/@vscode/fs-copyfile/lib/native.js
[  LOG  ] Hashing path: resources/app/extensions/git/node_modules/@vscode/fs-copyfile/package.json
[  LOG  ] Hashing path: resources/app/extensions/git/node_modules/@vscode/fs-copyfile/src/copyfile.cc
[  LOG  ] Hashing path: resources/app/extensions/git/package.json
[  LOG  ] Hashing path: resources/app/extensions/git/package.nls.json
[  LOG  ] Hashing path: resources/app/extensions/git/resources/emojis.json
[  LOG  ] Hashing path: resources/app/extensions/git/resources/icons/dark/status-added.svg
[  LOG  ] Hashing path: resources/app/extensions/git/resources/icons/dark/status-conflict.svg
[  LOG  ] Hashing path: resources/app/extensions/git/resources/icons/dark/status-copied.svg
[  LOG  ] Hashing path: resources/app/extensions/git/resources/icons/dark/status-deleted.svg
[  LOG  ] Hashing path: resources/app/extensions/git/resources/icons/dark/status-ignored.svg
[  LOG  ] Hashing path: resources/app/extensions/git/resources/icons/dark/status-modified.svg
[  LOG  ] Hashing path: resources/app/extensions/git/resources/icons/dark/status-renamed.svg
[  LOG  ] Hashing path: resources/app/extensions/git/resources/icons/dark/status-type-changed.svg
[  LOG  ] Hashing path: resources/app/extensions/git/resources/icons/dark/status-untracked.svg
[  LOG  ] Hashing path: resources/app/extensions/git/resources/icons/git.png
[  LOG  ] Hashing path: resources/app/extensions/git/resources/icons/light/status-conflict.svg
[  LOG  ] Hashing path: resources/app/extensions/git/resources/icons/light/status-copied.svg
[  LOG  ] Hashing path: resources/app/extensions/git/resources/icons/light/status-deleted.svg
[  LOG  ] Hashing path: resources/app/extensions/git/resources/icons/light/status-ignored.svg
[  LOG  ] Hashing path: resources/app/extensions/git/resources/icons/light/status-added.svg
[  LOG  ] Hashing path: resources/app/extensions/git/resources/icons/light/status-modified.svg
[  LOG  ] Hashing path: resources/app/extensions/git/resources/icons/light/status-renamed.svg
[  LOG  ] Hashing path: resources/app/extensions/git/resources/icons/light/status-type-changed.svg
[  LOG  ] Hashing path: resources/app/extensions/git/resources/icons/light/status-untracked.svg
[  LOG  ] Hashing path: resources/app/extensions/github-authentication/README.md
[  LOG  ] Hashing path: resources/app/extensions/github-authentication/dist/extension.js
[  LOG  ] Hashing path: resources/app/extensions/github-authentication/media/auth.css
[  LOG  ] Hashing path: resources/app/extensions/github-authentication/images/icon.png
[  LOG  ] Hashing path: resources/app/extensions/github-authentication/media/code-icon.svg
[  LOG  ] Hashing path: resources/app/extensions/github-authentication/media/favicon.ico
[  LOG  ] Hashing path: resources/app/extensions/github-authentication/media/icon.png
[  LOG  ] Hashing path: resources/app/extensions/github-authentication/media/index.html
[  LOG  ] Hashing path: resources/app/extensions/github-authentication/media/sessions-icon.svg
[  LOG  ] Hashing path: resources/app/extensions/github-authentication/package.json
[  LOG  ] Hashing path: resources/app/extensions/github-authentication/package.nls.json
[  LOG  ] Hashing path: resources/app/extensions/github/dist/extension.js
[  LOG  ] Hashing path: resources/app/extensions/github/README.md
[  LOG  ] Hashing path: resources/app/extensions/github/images/icon.png
[  LOG  ] Hashing path: resources/app/extensions/github/markdown.css
[  LOG  ] Hashing path: resources/app/extensions/github/package.json
[  LOG  ] Hashing path: resources/app/extensions/github/package.nls.json
[  LOG  ] Hashing path: resources/app/extensions/go/language-configuration.json
[  LOG  ] Hashing path: resources/app/extensions/go/package.json
[  LOG  ] Hashing path: resources/app/extensions/go/package.nls.json
[  LOG  ] Hashing path: resources/app/extensions/go/syntaxes/go.tmLanguage.json
[  LOG  ] Hashing path: resources/app/extensions/groovy/language-configuration.json
[  LOG  ] Hashing path: resources/app/extensions/groovy/package.json
[  LOG  ] Hashing path: resources/app/extensions/groovy/package.nls.json
[  LOG  ] Hashing path: resources/app/extensions/groovy/snippets/groovy.code-snippets
[  LOG  ] Hashing path: resources/app/extensions/groovy/syntaxes/groovy.tmLanguage.json
[  LOG  ] Hashing path: resources/app/extensions/grunt/README.md
[  LOG  ] Hashing path: resources/app/extensions/grunt/dist/main.js
[  LOG  ] Hashing path: resources/app/extensions/grunt/images/grunt.png
[  LOG  ] Hashing path: resources/app/extensions/grunt/package.json
[  LOG  ] Hashing path: resources/app/extensions/grunt/package.nls.json
[  LOG  ] Hashing path: resources/app/extensions/gulp/README.md
[  LOG  ] Hashing path: resources/app/extensions/gulp/dist/main.js
[  LOG  ] Hashing path: resources/app/extensions/gulp/images/gulp.png
[  LOG  ] Hashing path: resources/app/extensions/gulp/package.json
[  LOG  ] Hashing path: resources/app/extensions/handlebars/language-configuration.json
[  LOG  ] Hashing path: resources/app/extensions/handlebars/package.json
[  LOG  ] Hashing path: resources/app/extensions/handlebars/package.nls.json
[  LOG  ] Hashing path: resources/app/extensions/handlebars/syntaxes/Handlebars.tmLanguage.json
[  LOG  ] Hashing path: resources/app/extensions/hlsl/language-configuration.json
[  LOG  ] Hashing path: resources/app/extensions/hlsl/package.json
[  LOG  ] Hashing path: resources/app/extensions/hlsl/package.nls.json
[  LOG  ] Hashing path: resources/app/extensions/gulp/package.nls.json
[  LOG  ] Hashing path: resources/app/extensions/hlsl/syntaxes/hlsl.tmLanguage.json
[  LOG  ] Hashing path: resources/app/extensions/html-language-features/README.md
[  LOG  ] Hashing path: resources/app/extensions/html-language-features/client/dist/node/htmlClientMain.js
[  LOG  ] Hashing path: resources/app/extensions/html-language-features/icons/html.png
[  LOG  ] Hashing path: resources/app/extensions/html-language-features/package.json
[  LOG  ] Hashing path: resources/app/extensions/html-language-features/package.nls.json
[  LOG  ] Hashing path: resources/app/extensions/html-language-features/schemas/package.schema.json
[  LOG  ] Hashing path: resources/app/extensions/html-language-features/server/.npmrc
[  LOG  ] Hashing path: resources/app/extensions/html-language-features/server/lib/jquery.d.ts
[  LOG  ] Hashing path: resources/app/extensions/html-language-features/server/package.json
[  LOG  ] Hashing path: resources/app/extensions/html/language-configuration.json
[  LOG  ] Hashing path: resources/app/extensions/html/package.json
[  LOG  ] Hashing path: resources/app/extensions/html-language-features/server/dist/node/htmlServerMain.js
[  LOG  ] Hashing path: resources/app/extensions/html/package.nls.json
[  LOG  ] Hashing path: resources/app/extensions/html/snippets/html.code-snippets
[  LOG  ] Hashing path: resources/app/extensions/html/syntaxes/html-derivative.tmLanguage.json
[  LOG  ] Hashing path: resources/app/extensions/html/syntaxes/html.tmLanguage.json
[  LOG  ] Hashing path: resources/app/extensions/ini/ini.language-configuration.json
[  LOG  ] Hashing path: resources/app/extensions/ini/package.json
[  LOG  ] Hashing path: resources/app/extensions/ini/package.nls.json
[  LOG  ] Hashing path: resources/app/extensions/ini/properties.language-configuration.json
[  LOG  ] Hashing path: resources/app/extensions/ini/syntaxes/ini.tmLanguage.json
[  LOG  ] Hashing path: resources/app/extensions/ipynb/README.md
[  LOG  ] Hashing path: resources/app/extensions/ipynb/dist/ipynbMain.node.js
[  LOG  ] Hashing path: resources/app/extensions/ipynb/dist/notebookSerializerWorker.js
[  LOG  ] Hashing path: resources/app/extensions/ipynb/media/icon.png
[  LOG  ] Hashing path: resources/app/extensions/ipynb/notebook-out/cellAttachmentRenderer.js
[  LOG  ] Hashing path: resources/app/extensions/ipynb/package.json
[  LOG  ] Hashing path: resources/app/extensions/ipynb/package.nls.json
[  LOG  ] Hashing path: resources/app/extensions/jake/README.md
[  LOG  ] Hashing path: resources/app/extensions/jake/dist/main.js
[  LOG  ] Hashing path: resources/app/extensions/jake/images/cowboy_hat.png
[  LOG  ] Hashing path: resources/app/extensions/jake/package.nls.json
[  LOG  ] Hashing path: resources/app/extensions/jake/package.json
[  LOG  ] Hashing path: resources/app/extensions/java/language-configuration.json
[  LOG  ] Hashing path: resources/app/extensions/java/package.json
[  LOG  ] Hashing path: resources/app/extensions/java/package.nls.json
[  LOG  ] Hashing path: resources/app/extensions/java/snippets/java.code-snippets
[  LOG  ] Hashing path: resources/app/extensions/java/syntaxes/java.tmLanguage.json
[  LOG  ] Hashing path: resources/app/extensions/javascript/javascript-language-configuration.json
[  LOG  ] Hashing path: resources/app/extensions/javascript/package.json
[  LOG  ] Hashing path: resources/app/extensions/javascript/package.nls.json
[  LOG  ] Hashing path: resources/app/extensions/javascript/snippets/javascript.code-snippets
[  LOG  ] Hashing path: resources/app/extensions/javascript/syntaxes/JavaScript.tmLanguage.json
[  LOG  ] Hashing path: resources/app/extensions/javascript/syntaxes/JavaScriptReact.tmLanguage.json
[  LOG  ] Hashing path: resources/app/extensions/javascript/syntaxes/Regular Expressions (JavaScript).tmLanguage
[  LOG  ] Hashing path: resources/app/extensions/javascript/tags-language-configuration.json
[  LOG  ] Hashing path: resources/app/extensions/json-language-features/README.md
[  LOG  ] Hashing path: resources/app/extensions/json-language-features/client/dist/node/jsonClientMain.js
[  LOG  ] Hashing path: resources/app/extensions/json-language-features/icons/json.png
[  LOG  ] Hashing path: resources/app/extensions/json-language-features/package.json
[  LOG  ] Hashing path: resources/app/extensions/json-language-features/package.nls.json
[  LOG  ] Hashing path: resources/app/extensions/json-language-features/server/.npmrc
[  LOG  ] Hashing path: resources/app/extensions/json-language-features/server/dist/node/jsonServerMain.js
[  LOG  ] Hashing path: resources/app/extensions/json-language-features/server/package.json
[  LOG  ] Hashing path: resources/app/extensions/json/language-configuration.json
[  LOG  ] Hashing path: resources/app/extensions/json/package.json
[  LOG  ] Hashing path: resources/app/extensions/json/package.nls.json
[  LOG  ] Hashing path: resources/app/extensions/json/syntaxes/JSON.tmLanguage.json
[  LOG  ] Hashing path: resources/app/extensions/json/syntaxes/JSONC.tmLanguage.json
[  LOG  ] Hashing path: resources/app/extensions/json/syntaxes/JSONL.tmLanguage.json
[  LOG  ] Hashing path: resources/app/extensions/json/syntaxes/snippets.tmLanguage.json
[  LOG  ] Hashing path: resources/app/extensions/julia/language-configuration.json
[  LOG  ] Hashing path: resources/app/extensions/julia/package.json
[  LOG  ] Hashing path: resources/app/extensions/julia/package.nls.json
[  LOG  ] Hashing path: resources/app/extensions/latex/cpp-bailout-license.txt
[  LOG  ] Hashing path: resources/app/extensions/latex/latex-cpp-embedded-language-configuration.json
[  LOG  ] Hashing path: resources/app/extensions/latex/latex-language-configuration.json
[  LOG  ] Hashing path: resources/app/extensions/julia/syntaxes/julia.tmLanguage.json
[  LOG  ] Hashing path: resources/app/extensions/latex/markdown-latex-combined-language-configuration.json
[  LOG  ] Hashing path: resources/app/extensions/latex/package.json
[  LOG  ] Hashing path: resources/app/extensions/latex/package.nls.json
[  LOG  ] Hashing path: resources/app/extensions/latex/syntaxes/Bibtex.tmLanguage.json
[  LOG  ] Hashing path: resources/app/extensions/latex/markdown-latex-combined-license.txt
[  LOG  ] Hashing path: resources/app/extensions/latex/syntaxes/LaTeX.tmLanguage.json
[  LOG  ] Hashing path: resources/app/extensions/latex/syntaxes/TeX.tmLanguage.json
[  LOG  ] Hashing path: resources/app/extensions/latex/syntaxes/cpp-grammar-bailout.tmLanguage.json
[  LOG  ] Hashing path: resources/app/extensions/latex/syntaxes/markdown-latex-combined.tmLanguage.json
[  LOG  ] Hashing path: resources/app/extensions/less/language-configuration.json
[  LOG  ] Hashing path: resources/app/extensions/less/package.json
[  LOG  ] Hashing path: resources/app/extensions/less/package.nls.json
[  LOG  ] Hashing path: resources/app/extensions/less/syntaxes/less.tmLanguage.json
[  LOG  ] Hashing path: resources/app/extensions/log/package.json
[  LOG  ] Hashing path: resources/app/extensions/log/package.nls.json
[  LOG  ] Hashing path: resources/app/extensions/log/syntaxes/log.tmLanguage.json
[  LOG  ] Hashing path: resources/app/extensions/lua/language-configuration.json
[  LOG  ] Hashing path: resources/app/extensions/lua/package.json
[  LOG  ] Hashing path: resources/app/extensions/lua/package.nls.json
[  LOG  ] Hashing path: resources/app/extensions/lua/syntaxes/lua.tmLanguage.json
[  LOG  ] Hashing path: resources/app/extensions/make/language-configuration.json
[  LOG  ] Hashing path: resources/app/extensions/make/package.json
[  LOG  ] Hashing path: resources/app/extensions/make/package.nls.json
[  LOG  ] Hashing path: resources/app/extensions/make/syntaxes/make.tmLanguage.json
[  LOG  ] Hashing path: resources/app/extensions/markdown-basics/language-configuration.json
[  LOG  ] Hashing path: resources/app/extensions/markdown-basics/package.json
[  LOG  ] Hashing path: resources/app/extensions/markdown-basics/snippets/markdown.code-snippets
[  LOG  ] Hashing path: resources/app/extensions/markdown-basics/syntaxes/markdown.tmLanguage.json
[  LOG  ] Hashing path: resources/app/extensions/markdown-language-features/README.md
[  LOG  ] Hashing path: resources/app/extensions/markdown-language-features/dist/extension.js
[  LOG  ] Hashing path: resources/app/extensions/markdown-language-features/dist/serverWorkerMain.js
[  LOG  ] Hashing path: resources/app/extensions/markdown-language-features/icon.png
[  LOG  ] Hashing path: resources/app/extensions/markdown-basics/package.nls.json
[  LOG  ] Hashing path: resources/app/extensions/markdown-language-features/markdown-editor-out/KaTeX_AMS-Regular-CYEKBG2K.woff
[  LOG  ] Hashing path: resources/app/extensions/markdown-language-features/markdown-editor-out/KaTeX_AMS-Regular-JKX5W2C4.ttf
[  LOG  ] Hashing path: resources/app/extensions/markdown-language-features/markdown-editor-out/KaTeX_AMS-Regular-U6PRYMIZ.woff2
[  LOG  ] Hashing path: resources/app/extensions/markdown-language-features/markdown-editor-out/KaTeX_Caligraphic-Bold-5QL5CMTE.woff2
[  LOG  ] Hashing path: resources/app/extensions/markdown-language-features/markdown-editor-out/KaTeX_Caligraphic-Bold-WZ3QSGD3.woff
[  LOG  ] Hashing path: resources/app/extensions/markdown-language-features/markdown-editor-out/KaTeX_Caligraphic-Bold-ZTS3R3HK.ttf
[  LOG  ] Hashing path: resources/app/extensions/markdown-language-features/markdown-editor-out/KaTeX_Caligraphic-Regular-3LKEU76G.woff
[  LOG  ] Hashing path: resources/app/extensions/markdown-language-features/markdown-editor-out/KaTeX_Caligraphic-Regular-A7XRTZ5Q.ttf
[  LOG  ] Hashing path: resources/app/extensions/markdown-language-features/markdown-editor-out/KaTeX_Caligraphic-Regular-KX5MEWCF.woff2
[  LOG  ] Hashing path: resources/app/extensions/markdown-language-features/markdown-editor-out/KaTeX_Fraktur-Bold-2QVFK6NQ.woff2
[  LOG  ] Hashing path: resources/app/extensions/markdown-language-features/markdown-editor-out/KaTeX_Fraktur-Bold-T4SWXBMT.woff
[  LOG  ] Hashing path: resources/app/extensions/markdown-language-features/markdown-editor-out/KaTeX_Fraktur-Bold-WGHVTYOR.ttf
[  LOG  ] Hashing path: resources/app/extensions/markdown-language-features/markdown-editor-out/KaTeX_Fraktur-Regular-2PEIFJSJ.woff2
[  LOG  ] Hashing path: resources/app/extensions/markdown-language-features/markdown-editor-out/KaTeX_Fraktur-Regular-5U4OPH2X.ttf
[  LOG  ] Hashing path: resources/app/extensions/markdown-language-features/markdown-editor-out/KaTeX_Fraktur-Regular-PQMHCIK6.woff
[  LOG  ] Hashing path: resources/app/extensions/markdown-language-features/markdown-editor-out/KaTeX_Main-Bold-2GA4IZIN.woff
[  LOG  ] Hashing path: resources/app/extensions/markdown-language-features/markdown-editor-out/KaTeX_Main-Bold-W5FBVCZM.ttf
[  LOG  ] Hashing path: resources/app/extensions/markdown-language-features/markdown-editor-out/KaTeX_Main-Bold-YP5VVQRP.woff2
[  LOG  ] Hashing path: resources/app/extensions/markdown-language-features/markdown-editor-out/KaTeX_Main-BoldItalic-4P4C7HJH.woff
[  LOG  ] Hashing path: resources/app/extensions/markdown-language-features/markdown-editor-out/KaTeX_Main-BoldItalic-N4V3DX7S.woff2
[  LOG  ] Hashing path: resources/app/extensions/markdown-language-features/markdown-editor-out/KaTeX_Main-BoldItalic-ODMLBJJQ.ttf
[  LOG  ] Hashing path: resources/app/extensions/markdown-language-features/markdown-editor-out/KaTeX_Main-Italic-I43T2HSR.ttf
[  LOG  ] Hashing path: resources/app/extensions/markdown-language-features/markdown-editor-out/KaTeX_Main-Italic-RELBIK7M.woff2
[  LOG  ] Hashing path: resources/app/extensions/markdown-language-features/markdown-editor-out/KaTeX_Main-Italic-SASNQFN2.woff
[  LOG  ] Hashing path: resources/app/extensions/markdown-language-features/markdown-editor-out/KaTeX_Main-Regular-ARRPAO67.woff2
[  LOG  ] Hashing path: resources/app/extensions/markdown-language-features/markdown-editor-out/KaTeX_Main-Regular-P5I74A2A.woff
[  LOG  ] Hashing path: resources/app/extensions/markdown-language-features/markdown-editor-out/KaTeX_Main-Regular-W74P5G27.ttf
[  LOG  ] Hashing path: resources/app/extensions/markdown-language-features/markdown-editor-out/KaTeX_Math-BoldItalic-6EBV3DK5.woff
[  LOG  ] Hashing path: resources/app/extensions/markdown-language-features/markdown-editor-out/KaTeX_Math-BoldItalic-K4WTGH3J.woff2
[  LOG  ] Hashing path: resources/app/extensions/markdown-language-features/markdown-editor-out/KaTeX_Math-BoldItalic-VB447A4D.ttf
[  LOG  ] Hashing path: resources/app/extensions/markdown-language-features/markdown-editor-out/KaTeX_Math-Italic-KKK3USB2.woff
[  LOG  ] Hashing path: resources/app/extensions/markdown-language-features/markdown-editor-out/KaTeX_Math-Italic-6KGCHLFN.woff2
[  LOG  ] Hashing path: resources/app/extensions/markdown-language-features/markdown-editor-out/KaTeX_Math-Italic-SON4MRCA.ttf
[  LOG  ] Hashing path: resources/app/extensions/markdown-language-features/markdown-editor-out/KaTeX_SansSerif-Bold-RRNVJFFW.woff2
[  LOG  ] Hashing path: resources/app/extensions/markdown-language-features/markdown-editor-out/KaTeX_SansSerif-Bold-STQ6RXC7.ttf
[  LOG  ] Hashing path: resources/app/extensions/markdown-language-features/markdown-editor-out/KaTeX_SansSerif-Bold-X5M5EMOD.woff
[  LOG  ] Hashing path: resources/app/extensions/markdown-language-features/markdown-editor-out/KaTeX_SansSerif-Italic-HMPFTM52.woff2
[  LOG  ] Hashing path: resources/app/extensions/markdown-language-features/markdown-editor-out/KaTeX_SansSerif-Italic-PSN4QKYX.woff
[  LOG  ] Hashing path: resources/app/extensions/markdown-language-features/markdown-editor-out/KaTeX_SansSerif-Italic-WTBAZBGY.ttf
[  LOG  ] Hashing path: resources/app/extensions/markdown-language-features/markdown-editor-out/KaTeX_SansSerif-Regular-2TL3USAE.ttf
[  LOG  ] Hashing path: resources/app/extensions/markdown-language-features/markdown-editor-out/KaTeX_SansSerif-Regular-OQCII6EP.woff
[  LOG  ] Hashing path: resources/app/extensions/markdown-language-features/markdown-editor-out/KaTeX_SansSerif-Regular-XIQ62X4E.woff2
[  LOG  ] Hashing path: resources/app/extensions/markdown-language-features/markdown-editor-out/KaTeX_Script-Regular-72OLXYNA.ttf
[  LOG  ] Hashing path: resources/app/extensions/markdown-language-features/markdown-editor-out/KaTeX_Script-Regular-A5IFOEBS.woff
[  LOG  ] Hashing path: resources/app/extensions/markdown-language-features/markdown-editor-out/KaTeX_Script-Regular-APUWIHLP.woff2
[  LOG  ] Hashing path: resources/app/extensions/markdown-language-features/markdown-editor-out/KaTeX_Size1-Regular-4HRHTS65.woff
[  LOG  ] Hashing path: resources/app/extensions/markdown-language-features/markdown-editor-out/KaTeX_Size1-Regular-7K6AASVL.ttf
[  LOG  ] Hashing path: resources/app/extensions/markdown-language-features/markdown-editor-out/KaTeX_Size2-Regular-222HN3GT.ttf
[  LOG  ] Hashing path: resources/app/extensions/markdown-language-features/markdown-editor-out/KaTeX_Size2-Regular-K5ZHAIS6.woff
[  LOG  ] Hashing path: resources/app/extensions/markdown-language-features/markdown-editor-out/KaTeX_Size2-Regular-LELKET5D.woff2
[  LOG  ] Hashing path: resources/app/extensions/markdown-language-features/markdown-editor-out/KaTeX_Size3-Regular-TLFPAHDE.woff
[  LOG  ] Hashing path: resources/app/extensions/markdown-language-features/markdown-editor-out/KaTeX_Size3-Regular-UFCO6WCA.ttf
[  LOG  ] Hashing path: resources/app/extensions/markdown-language-features/markdown-editor-out/KaTeX_Size3-Regular-WQRQ47UD.woff2
[  LOG  ] Hashing path: resources/app/extensions/markdown-language-features/markdown-editor-out/KaTeX_Size4-Regular-7PGNVPQK.ttf
[  LOG  ] Hashing path: resources/app/extensions/markdown-language-features/markdown-editor-out/KaTeX_Size4-Regular-CDMV7U5C.woff2
[  LOG  ] Hashing path: resources/app/extensions/markdown-language-features/markdown-editor-out/KaTeX_Size4-Regular-PKMWZHNC.woff
[  LOG  ] Hashing path: resources/app/extensions/markdown-language-features/markdown-editor-out/KaTeX_Typewriter-Regular-3F5K6SQ6.ttf
[  LOG  ] Hashing path: resources/app/extensions/markdown-language-features/markdown-editor-out/KaTeX_Typewriter-Regular-MJMFSK64.woff
[  LOG  ] Hashing path: resources/app/extensions/markdown-language-features/markdown-editor-out/KaTeX_Typewriter-Regular-VBYJ4NRC.woff2
[  LOG  ] Hashing path: resources/app/extensions/markdown-language-features/markdown-editor-out/KaTeX_Size1-Regular-5LRUTBFT.woff2
[  LOG  ] Hashing path: resources/app/extensions/markdown-language-features/markdown-editor-out/architecture-7GRP2DOG-KMESPJ5A.js
[  LOG  ] Hashing path: resources/app/extensions/markdown-language-features/markdown-editor-out/architectureDiagram-5GKGNRK7-MTTZPDNG.js
[  LOG  ] Hashing path: resources/app/extensions/markdown-language-features/markdown-editor-out/abnfDiagram-VCTEODGH-MFZBS7QV.js
[  LOG  ] Hashing path: resources/app/extensions/markdown-language-features/markdown-editor-out/c4Diagram-UCG6FXSJ-CNUYFC6N.js
[  LOG  ] Hashing path: resources/app/extensions/markdown-language-features/markdown-editor-out/blockDiagram-NRAW4CY4-UDRMVB5I.js
[  LOG  ] Hashing path: resources/app/extensions/markdown-language-features/markdown-editor-out/chunk-2KBWIZHB.js
[  LOG  ] Hashing path: resources/app/extensions/markdown-language-features/markdown-editor-out/chunk-3CEAP2V5.js
[  LOG  ] Hashing path: resources/app/extensions/markdown-language-features/markdown-editor-out/chunk-43RBMH4Y.js
[  LOG  ] Hashing path: resources/app/extensions/markdown-language-features/markdown-editor-out/chunk-4AUIAGYT.js
[  LOG  ] Hashing path: resources/app/extensions/markdown-language-features/markdown-editor-out/chunk-4PRM3W7S.js
[  LOG  ] Hashing path: resources/app/extensions/markdown-language-features/markdown-editor-out/chunk-5DJUZA4F.js
[  LOG  ] Hashing path: resources/app/extensions/markdown-language-features/markdown-editor-out/chunk-ATDVZUJ2.js
[  LOG  ] Hashing path: resources/app/extensions/markdown-language-features/markdown-editor-out/chunk-6LQNQPBM.js
[  LOG  ] Hashing path: resources/app/extensions/markdown-language-features/markdown-editor-out/chunk-CBQW2LLN.js
[  LOG  ] Hashing path: resources/app/extensions/markdown-language-features/markdown-editor-out/chunk-CCQNES6G.js
[  LOG  ] Hashing path: resources/app/extensions/markdown-language-features/markdown-editor-out/chunk-CD5RYVNW.js
[  LOG  ] Hashing path: resources/app/extensions/markdown-language-features/markdown-editor-out/chunk-CQFFNO72.js
[  LOG  ] Hashing path: resources/app/extensions/markdown-language-features/markdown-editor-out/chunk-EWVD6AUZ.js
[  LOG  ] Hashing path: resources/app/extensions/markdown-language-features/markdown-editor-out/chunk-EWILYK3H.js
[  LOG  ] Hashing path: resources/app/extensions/markdown-language-features/markdown-editor-out/chunk-EXFMYL6U.js
[  LOG  ] Hashing path: resources/app/extensions/markdown-language-features/markdown-editor-out/chunk-FH3BATM5.js
[  LOG  ] Hashing path: resources/app/extensions/markdown-language-features/markdown-editor-out/chunk-FK4OKHO7.js
[  LOG  ] Hashing path: resources/app/extensions/markdown-language-features/markdown-editor-out/chunk-HRJ5UBVC.js
[  LOG  ] Hashing path: resources/app/extensions/markdown-language-features/markdown-editor-out/chunk-IEMKBRIG.js
[  LOG  ] Hashing path: resources/app/extensions/markdown-language-features/markdown-editor-out/chunk-A3DHMJKP.js
[  LOG  ] Hashing path: resources/app/extensions/markdown-language-features/markdown-editor-out/chunk-FZLE27CN.js
[  LOG  ] Hashing path: resources/app/extensions/markdown-language-features/markdown-editor-out/chunk-IRNO36C3.js
[  LOG  ] Hashing path: resources/app/extensions/markdown-language-features/markdown-editor-out/chunk-J4SQIVOP.js
[  LOG  ] Hashing path: resources/app/extensions/markdown-language-features/markdown-editor-out/chunk-JAORNH2M.js
[  LOG  ] Hashing path: resources/app/extensions/markdown-language-features/markdown-editor-out/chunk-JBQZ5UCE.js
[  LOG  ] Hashing path: resources/app/extensions/markdown-language-features/markdown-editor-out/chunk-JFI5BOLY.js
[  LOG  ] Hashing path: resources/app/extensions/markdown-language-features/markdown-editor-out/chunk-JXCTOEX6.js
[  LOG  ] Hashing path: resources/app/extensions/markdown-language-features/markdown-editor-out/chunk-K2JFJOPP.js
[  LOG  ] Hashing path: resources/app/extensions/markdown-language-features/markdown-editor-out/chunk-LK6KML2S.js
[  LOG  ] Hashing path: resources/app/extensions/markdown-language-features/markdown-editor-out/chunk-MNHOAW4R.js
[  LOG  ] Hashing path: resources/app/extensions/markdown-language-features/markdown-editor-out/chunk-NLCJ5AKJ.js
[  LOG  ] Hashing path: resources/app/extensions/markdown-language-features/markdown-editor-out/chunk-OOJM4CTU.js
[  LOG  ] Hashing path: resources/app/extensions/markdown-language-features/markdown-editor-out/chunk-R7CM4BQN.js
[  LOG  ] Hashing path: resources/app/extensions/markdown-language-features/markdown-editor-out/chunk-RBL2QVA3.js
[  LOG  ] Hashing path: resources/app/extensions/markdown-language-features/markdown-editor-out/chunk-SNGMH3JW.js
[  LOG  ] Hashing path: resources/app/extensions/markdown-language-features/markdown-editor-out/chunk-TGD3YKTU.js
[  LOG  ] Hashing path: resources/app/extensions/markdown-language-features/markdown-editor-out/chunk-TGYBLZFN.js
[  LOG  ] Hashing path: resources/app/extensions/markdown-language-features/markdown-editor-out/chunk-U3E5RSXE.js
[  LOG  ] Hashing path: resources/app/extensions/markdown-language-features/markdown-editor-out/chunk-U7TCJVVP.js
[  LOG  ] Hashing path: resources/app/extensions/markdown-language-features/markdown-editor-out/chunk-WVYKIHVG.js
[  LOG  ] Hashing path: resources/app/extensions/markdown-language-features/markdown-editor-out/chunk-XCMS6RVA.js
[  LOG  ] Hashing path: resources/app/extensions/markdown-language-features/markdown-editor-out/chunk-WSHCWW4Q.js
[  LOG  ] Hashing path: resources/app/extensions/markdown-language-features/markdown-editor-out/chunk-XM54GAH3.js
[  LOG  ] Hashing path: resources/app/extensions/markdown-language-features/markdown-editor-out/chunk-YICKNY6Y.js
[  LOG  ] Hashing path: resources/app/extensions/markdown-language-features/markdown-editor-out/chunk-YNKYB66X.js
[  LOG  ] Hashing path: resources/app/extensions/markdown-language-features/markdown-editor-out/chunk-ZMBQGVIF.js
[  LOG  ] Hashing path: resources/app/extensions/markdown-language-features/markdown-editor-out/chunk-ZNREFWKG.js
[  LOG  ] Hashing path: resources/app/extensions/markdown-language-features/markdown-editor-out/chunk-ZU7JKVUR.js
[  LOG  ] Hashing path: resources/app/extensions/markdown-language-features/markdown-editor-out/chunk-ZYRITDEB.js
[  LOG  ] Hashing path: resources/app/extensions/markdown-language-features/markdown-editor-out/classDiagram-DTDB5LWJ-TBJLBGTZ.js
[  LOG  ] Hashing path: resources/app/extensions/markdown-language-features/markdown-editor-out/classDiagram-v2-JRS7N3AN-ZLPCSYKA.js
[  LOG  ] Hashing path: resources/app/extensions/markdown-language-features/markdown-editor-out/codicon-R6HEZFPR.ttf
[  LOG  ] Hashing path: resources/app/extensions/markdown-language-features/markdown-editor-out/cose-bilkent-JH36ORCC-7TCRTQWC.js
[  LOG  ] Hashing path: resources/app/extensions/markdown-language-features/markdown-editor-out/cynefin-OW5HDTMX-QMEUXFXO.js
[  LOG  ] Hashing path: resources/app/extensions/markdown-language-features/markdown-editor-out/cynefinDiagram-5FMLGOSQ-J745EYTI.js
[  LOG  ] Hashing path: resources/app/extensions/markdown-language-features/markdown-editor-out/dagre-3AP2YEHR-CUFPL4A5.js
[  LOG  ] Hashing path: resources/app/extensions/markdown-language-features/markdown-editor-out/diagram-S7CK7UJ4-SC5AFKXH.js
[  LOG  ] Hashing path: resources/app/extensions/markdown-language-features/markdown-editor-out/diagram-UQ7AKVKN-3O7WQJXE.js
[  LOG  ] Hashing path: resources/app/extensions/markdown-language-features/markdown-editor-out/diagram-VSXAHHWV-SN3VCCS5.js
[  LOG  ] Hashing path: resources/app/extensions/markdown-language-features/markdown-editor-out/diagram-VX7I27RA-7PQJWMN5.js
[  LOG  ] Hashing path: resources/app/extensions/markdown-language-features/markdown-editor-out/diagram-Z3DM3KII-QZ45TJFK.js
[  LOG  ] Hashing path: resources/app/extensions/markdown-language-features/markdown-editor-out/ebnfDiagram-PWID7BFC-CBJPGG56.js
[  LOG  ] Hashing path: resources/app/extensions/markdown-language-features/markdown-editor-out/editor.css
[  LOG  ] Hashing path: resources/app/extensions/markdown-language-features/markdown-editor-out/eventmodeling-NTZA5JFV-MGOPW7BD.js
[  LOG  ] Hashing path: resources/app/extensions/markdown-language-features/markdown-editor-out/erDiagram-SSCWMZ5O-TUKYG42P.js
[  LOG  ] Hashing path: resources/app/extensions/markdown-language-features/markdown-editor-out/flowDiagram-A5DVABFB-M6K5X26V.js
[  LOG  ] Hashing path: resources/app/extensions/markdown-language-features/markdown-editor-out/editor.js
[  LOG  ] Hashing path: resources/app/extensions/markdown-language-features/markdown-editor-out/ganttDiagram-EL5Y4UJY-JCSKUU2V.js
[  LOG  ] Hashing path: resources/app/extensions/markdown-language-features/markdown-editor-out/gitGraph-4MIJSDKK-ITDCTFJT.js
[  LOG  ] Hashing path: resources/app/extensions/markdown-language-features/markdown-editor-out/gitGraphDiagram-WWUBYQGX-RXRB5JA2.js
[  LOG  ] Hashing path: resources/app/extensions/markdown-language-features/markdown-editor-out/info-A6RAGUB7-VXIEHQAI.js
[  LOG  ] Hashing path: resources/app/extensions/markdown-language-features/markdown-editor-out/infoDiagram-RXCK75RN-2T6V4JS2.js
[  LOG  ] Hashing path: resources/app/extensions/markdown-language-features/markdown-editor-out/ishikawaDiagram-5VMMS53U-6WC4IGXZ.js
[  LOG  ] Hashing path: resources/app/extensions/markdown-language-features/markdown-editor-out/journeyDiagram-EYS64GPL-PZQYT6UF.js
[  LOG  ] Hashing path: resources/app/extensions/markdown-language-features/markdown-editor-out/kanban-definition-3QL26DDD-VYBV345J.js
[  LOG  ] Hashing path: resources/app/extensions/markdown-language-features/markdown-editor-out/katex-QJ7O5CJ5.js
[  LOG  ] Hashing path: resources/app/extensions/markdown-language-features/markdown-editor-out/mermaid.core-S5KCHHL2.js
[  LOG  ] Hashing path: resources/app/extensions/markdown-language-features/markdown-editor-out/packet-AYTQ26CC-WLFKOXIZ.js
[  LOG  ] Hashing path: resources/app/extensions/markdown-language-features/markdown-editor-out/mindmap-definition-FBJOCRG2-H3I5F4WB.js
[  LOG  ] Hashing path: resources/app/extensions/markdown-language-features/markdown-editor-out/pegDiagram-XKGWAZYB-HUV4U5RU.js
[  LOG  ] Hashing path: resources/app/extensions/markdown-language-features/markdown-editor-out/pie-WAS4IAKB-GZIMD664.js
[  LOG  ] Hashing path: resources/app/extensions/markdown-language-features/markdown-editor-out/pieDiagram-E7YTZNPT-XOJEVCEO.js
[  LOG  ] Hashing path: resources/app/extensions/markdown-language-features/markdown-editor-out/radar-RG4KPBEZ-URG5LVGS.js
[  LOG  ] Hashing path: resources/app/extensions/markdown-language-features/markdown-editor-out/quadrantDiagram-AXDQQJYC-YPPZYAGP.js
[  LOG  ] Hashing path: resources/app/extensions/markdown-language-features/markdown-editor-out/railroad-74A4TZTK-3ZMXCKLP.js
[  LOG  ] Hashing path: resources/app/extensions/markdown-language-features/markdown-editor-out/railroad-abnf-HS5TGJTU-LBR5MV33.js
[  LOG  ] Hashing path: resources/app/extensions/markdown-language-features/markdown-editor-out/railroad-ebnf-LZEXJU2U-YEVF3EJR.js
[  LOG  ] Hashing path: resources/app/extensions/markdown-language-features/markdown-editor-out/railroad-peg-WCYAUIDC-CV774YSK.js
[  LOG  ] Hashing path: resources/app/extensions/markdown-language-features/markdown-editor-out/requirementDiagram-EFPCY7ZU-PZ7BYTDZ.js
[  LOG  ] Hashing path: resources/app/extensions/markdown-language-features/markdown-editor-out/sankeyDiagram-P5KCCOFB-3P5DWREA.js
[  LOG  ] Hashing path: resources/app/extensions/markdown-language-features/markdown-editor-out/sequenceDiagram-WJ2MYXX4-O52K5NPU.js
[  LOG  ] Hashing path: resources/app/extensions/markdown-language-features/markdown-editor-out/sizeCapture-X5ZJPWSS-PRFE7SKK.js
[  LOG  ] Hashing path: resources/app/extensions/markdown-language-features/markdown-editor-out/stateDiagram-HBIQ2CUA-KDPYCQOT.js
[  LOG  ] Hashing path: resources/app/extensions/markdown-language-features/markdown-editor-out/stateDiagram-v2-4QOOHH4V-QBQE56JB.js
[  LOG  ] Hashing path: resources/app/extensions/markdown-language-features/markdown-editor-out/railroadDiagram-O6MQD6OU-YZF7JNDT.js
[  LOG  ] Hashing path: resources/app/extensions/markdown-language-features/markdown-editor-out/swimlanes-XN3QIQJK-YCLJ3KIH.js
[  LOG  ] Hashing path: resources/app/extensions/markdown-language-features/markdown-editor-out/swimlanesDiagram-VK2B7HYN-RS7VRH6T.js
[  LOG  ] Hashing path: resources/app/extensions/markdown-language-features/markdown-editor-out/treeView-Q6P3EWNA-UEXUSAGC.js
[  LOG  ] Hashing path: resources/app/extensions/markdown-language-features/markdown-editor-out/timeline-definition-24CTP7MA-GQ3MCHCF.js
[  LOG  ] Hashing path: resources/app/extensions/markdown-language-features/markdown-editor-out/treemap-WGGIJYW6-NFXJPDAT.js
[  LOG  ] Hashing path: resources/app/extensions/markdown-language-features/markdown-editor-out/vennDiagram-4TSXK5OY-PNMXQJF6.js
[  LOG  ] Hashing path: resources/app/extensions/markdown-language-features/markdown-editor-out/wardley-WFR3VGLG-MQ6DEZYA.js
[  LOG  ] Hashing path: resources/app/extensions/markdown-language-features/markdown-editor-out/wardleyDiagram-VM6X3IG4-46KJTB57.js
[  LOG  ] Hashing path: resources/app/extensions/markdown-language-features/markdown-editor-out/xychartDiagram-S5SC5T6Z-NSN5W7VL.js
[  LOG  ] Hashing path: resources/app/extensions/markdown-language-features/markdown-editor-src/editor.ts
[  LOG  ] Hashing path: resources/app/extensions/markdown-language-features/markdown-editor-src/linkPresentationProvider.ts
[  LOG  ] Hashing path: resources/app/extensions/markdown-language-features/markdown-editor-src/markdownEditor.css
[  LOG  ] Hashing path: resources/app/extensions/markdown-language-features/markdown-editor-src/tsconfig.json
[  LOG  ] Hashing path: resources/app/extensions/markdown-language-features/media/highlight.css
[  LOG  ] Hashing path: resources/app/extensions/markdown-language-features/media/markdown.css
[  LOG  ] Hashing path: resources/app/extensions/markdown-language-features/markdown-editor-src/syntaxHighlighter.ts
[  LOG  ] Hashing path: resources/app/extensions/markdown-language-features/media/pre.js
[  LOG  ] Hashing path: resources/app/extensions/markdown-language-features/media/index.js
[  LOG  ] Hashing path: resources/app/extensions/markdown-language-features/media/preview-dark.svg
[  LOG  ] Hashing path: resources/app/extensions/markdown-language-features/media/preview-light.svg
[  LOG  ] Hashing path: resources/app/extensions/markdown-language-features/notebook-out/index.js
[  LOG  ] Hashing path: resources/app/extensions/markdown-language-features/package.nls.json
[  LOG  ] Hashing path: resources/app/extensions/markdown-language-features/schemas/package.schema.json
[  LOG  ] Hashing path: resources/app/extensions/markdown-math/README.md
[  LOG  ] Hashing path: resources/app/extensions/markdown-language-features/package.json
[  LOG  ] Hashing path: resources/app/extensions/markdown-math/dist/extension.js
[  LOG  ] Hashing path: resources/app/extensions/markdown-math/icon.png
[  LOG  ] Hashing path: resources/app/extensions/markdown-math/notebook-out/fonts/KaTeX_AMS-Regular.woff2
[  LOG  ] Hashing path: resources/app/extensions/markdown-math/notebook-out/fonts/KaTeX_Caligraphic-Bold.woff2
[  LOG  ] Hashing path: resources/app/extensions/markdown-math/notebook-out/fonts/KaTeX_Caligraphic-Regular.woff2
[  LOG  ] Hashing path: resources/app/extensions/markdown-math/notebook-out/fonts/KaTeX_Fraktur-Bold.woff2
[  LOG  ] Hashing path: resources/app/extensions/markdown-math/notebook-out/fonts/KaTeX_Fraktur-Regular.woff2
[  LOG  ] Hashing path: resources/app/extensions/markdown-math/notebook-out/fonts/KaTeX_Main-Bold.woff2
[  LOG  ] Hashing path: resources/app/extensions/markdown-math/notebook-out/fonts/KaTeX_Main-BoldItalic.woff2
[  LOG  ] Hashing path: resources/app/extensions/markdown-math/notebook-out/fonts/KaTeX_Main-Regular.woff2
[  LOG  ] Hashing path: resources/app/extensions/markdown-math/notebook-out/fonts/KaTeX_Math-BoldItalic.woff2
[  LOG  ] Hashing path: resources/app/extensions/markdown-math/notebook-out/fonts/KaTeX_Main-Italic.woff2
[  LOG  ] Hashing path: resources/app/extensions/markdown-math/notebook-out/fonts/KaTeX_SansSerif-Bold.woff2
[  LOG  ] Hashing path: resources/app/extensions/markdown-math/notebook-out/fonts/KaTeX_Math-Italic.woff2
[  LOG  ] Hashing path: resources/app/extensions/markdown-math/notebook-out/fonts/KaTeX_SansSerif-Italic.woff2
[  LOG  ] Hashing path: resources/app/extensions/markdown-math/notebook-out/fonts/KaTeX_SansSerif-Regular.woff2
[  LOG  ] Hashing path: resources/app/extensions/markdown-math/notebook-out/fonts/KaTeX_Script-Regular.woff2
[  LOG  ] Hashing path: resources/app/extensions/markdown-math/notebook-out/fonts/KaTeX_Size1-Regular.woff2
[  LOG  ] Hashing path: resources/app/extensions/markdown-math/notebook-out/fonts/KaTeX_Size3-Regular.woff2
[  LOG  ] Hashing path: resources/app/extensions/markdown-math/notebook-out/fonts/KaTeX_Typewriter-Regular.woff2
[  LOG  ] Hashing path: resources/app/extensions/markdown-math/notebook-out/katex.js
[  LOG  ] Hashing path: resources/app/extensions/markdown-math/notebook-out/fonts/KaTeX_Size4-Regular.woff2
[  LOG  ] Hashing path: resources/app/extensions/markdown-math/notebook-out/fonts/KaTeX_Size2-Regular.woff2
[  LOG  ] Hashing path: resources/app/extensions/markdown-math/notebook-out/katex.min.css
[  LOG  ] Hashing path: resources/app/extensions/markdown-math/package.json
[  LOG  ] Hashing path: resources/app/extensions/markdown-math/package.nls.json
[  LOG  ] Hashing path: resources/app/extensions/markdown-math/preview-styles/index.css
[  LOG  ] Hashing path: resources/app/extensions/markdown-math/syntaxes/md-math-inline.tmLanguage.json
[  LOG  ] Hashing path: resources/app/extensions/markdown-math/syntaxes/md-math-fence.tmLanguage.json
[  LOG  ] Hashing path: resources/app/extensions/media-preview/README.md
[  LOG  ] Hashing path: resources/app/extensions/media-preview/dist/extension.js
[  LOG  ] Hashing path: resources/app/extensions/media-preview/icon.png
[  LOG  ] Hashing path: resources/app/extensions/markdown-math/syntaxes/md-math.tmLanguage.json
[  LOG  ] Hashing path: resources/app/extensions/media-preview/media/audioPreview.css
[  LOG  ] Hashing path: resources/app/extensions/media-preview/media/audioPreview.js
[  LOG  ] Hashing path: resources/app/extensions/markdown-math/syntaxes/md-math-block.tmLanguage.json
[  LOG  ] Hashing path: resources/app/extensions/media-preview/media/imagePreview.js
[  LOG  ] Hashing path: resources/app/extensions/media-preview/media/loading-dark.svg
[  LOG  ] Hashing path: resources/app/extensions/media-preview/media/loading-hc.svg
[  LOG  ] Hashing path: resources/app/extensions/media-preview/media/loading.svg
[  LOG  ] Hashing path: resources/app/extensions/media-preview/media/videoPreview.css
[  LOG  ] Hashing path: resources/app/extensions/media-preview/package.json
[  LOG  ] Hashing path: resources/app/extensions/media-preview/media/videoPreview.js
[  LOG  ] Hashing path: resources/app/extensions/media-preview/package.nls.json
[  LOG  ] Hashing path: resources/app/extensions/merge-conflict/README.md
[  LOG  ] Hashing path: resources/app/extensions/merge-conflict/media/icon.png
[  LOG  ] Hashing path: resources/app/extensions/merge-conflict/dist/mergeConflictMain.js
[  LOG  ] Hashing path: resources/app/extensions/merge-conflict/package.json
[  LOG  ] Hashing path: resources/app/extensions/media-preview/media/imagePreview.css
[  LOG  ] Hashing path: resources/app/extensions/merge-conflict/package.nls.json
[  LOG  ] Hashing path: resources/app/extensions/mermaid-markdown-features/ThirdPartyNotices.txt
[  LOG  ] Hashing path: resources/app/extensions/mermaid-markdown-features/README.md
[  LOG  ] Hashing path: resources/app/extensions/mermaid-markdown-features/chat-webview-out/index-editor.js
[  LOG  ] Hashing path: resources/app/extensions/mermaid-markdown-features/chat-webview-out/index.js
[  LOG  ] Hashing path: resources/app/extensions/mermaid-markdown-features/dist/extension.js
[  LOG  ] Hashing path: resources/app/extensions/mermaid-markdown-features/chat-webview-out/codicon.css
[  LOG  ] Hashing path: resources/app/extensions/mermaid-markdown-features/markdown-preview-out/abnfDiagram-VCTEODGH-RZS37XYT.js
[  LOG  ] Hashing path: resources/app/extensions/mermaid-markdown-features/markdown-preview-out/architecture-7GRP2DOG-FUYLNO4B.js
[  LOG  ] Hashing path: resources/app/extensions/mermaid-markdown-features/markdown-preview-out/architectureDiagram-5GKGNRK7-UR6BWPEE.js
[  LOG  ] Hashing path: resources/app/extensions/mermaid-markdown-features/markdown-preview-out/blockDiagram-NRAW4CY4-CS3URJUM.js
[  LOG  ] Hashing path: resources/app/extensions/mermaid-markdown-features/markdown-preview-out/c4Diagram-UCG6FXSJ-L32LFF24.js
[  LOG  ] Hashing path: resources/app/extensions/mermaid-markdown-features/markdown-preview-out/chunk-2OIKMCXU.js
[  LOG  ] Hashing path: resources/app/extensions/mermaid-markdown-features/markdown-preview-out/chunk-2S6PUNXZ.js
[  LOG  ] Hashing path: resources/app/extensions/mermaid-markdown-features/markdown-preview-out/chunk-35AFGY2R.js
[  LOG  ] Hashing path: resources/app/extensions/mermaid-markdown-features/markdown-preview-out/chunk-3RNHDNP5.js
[  LOG  ] Hashing path: resources/app/extensions/mermaid-markdown-features/markdown-preview-out/chunk-3VJHM3CQ.js
[  LOG  ] Hashing path: resources/app/extensions/mermaid-markdown-features/markdown-preview-out/chunk-43DUALS2.js
[  LOG  ] Hashing path: resources/app/extensions/mermaid-markdown-features/markdown-preview-out/chunk-4HJKLDAT.js
[  LOG  ] Hashing path: resources/app/extensions/mermaid-markdown-features/markdown-preview-out/chunk-4RHYHUVT.js
[  LOG  ] Hashing path: resources/app/extensions/mermaid-markdown-features/markdown-preview-out/chunk-5TVAF4SJ.js
[  LOG  ] Hashing path: resources/app/extensions/mermaid-markdown-features/markdown-preview-out/chunk-5ZAMBDF5.js
[  LOG  ] Hashing path: resources/app/extensions/mermaid-markdown-features/markdown-preview-out/chunk-73PJVYPM.js
[  LOG  ] Hashing path: resources/app/extensions/mermaid-markdown-features/markdown-preview-out/chunk-ABRXOUHG.js
[  LOG  ] Hashing path: resources/app/extensions/mermaid-markdown-features/markdown-preview-out/chunk-AUJBCLOB.js
[  LOG  ] Hashing path: resources/app/extensions/mermaid-markdown-features/markdown-preview-out/chunk-BQR5VGCX.js
[  LOG  ] Hashing path: resources/app/extensions/mermaid-markdown-features/markdown-preview-out/chunk-BBPEOBC4.js
[  LOG  ] Hashing path: resources/app/extensions/mermaid-markdown-features/markdown-preview-out/chunk-CLY3HMUB.js
[  LOG  ] Hashing path: resources/app/extensions/mermaid-markdown-features/markdown-preview-out/chunk-CQHAQPZP.js
[  LOG  ] Hashing path: resources/app/extensions/mermaid-markdown-features/markdown-preview-out/chunk-CU3WNRKO.js
[  LOG  ] Hashing path: resources/app/extensions/mermaid-markdown-features/markdown-preview-out/chunk-DG5HJNUS.js
[  LOG  ] Hashing path: resources/app/extensions/mermaid-markdown-features/markdown-preview-out/chunk-DH4WLKDC.js
[  LOG  ] Hashing path: resources/app/extensions/mermaid-markdown-features/markdown-preview-out/chunk-ECAF5OLA.js
[  LOG  ] Hashing path: resources/app/extensions/mermaid-markdown-features/markdown-preview-out/chunk-FBBVFHY7.js
[  LOG  ] Hashing path: resources/app/extensions/mermaid-markdown-features/markdown-preview-out/chunk-FBE2TSRT.js
[  LOG  ] Hashing path: resources/app/extensions/mermaid-markdown-features/markdown-preview-out/chunk-FNK4WUGV.js
[  LOG  ] Hashing path: resources/app/extensions/mermaid-markdown-features/markdown-preview-out/chunk-GBTSPJCM.js
[  LOG  ] Hashing path: resources/app/extensions/mermaid-markdown-features/markdown-preview-out/chunk-IDBSHQO6.js
[  LOG  ] Hashing path: resources/app/extensions/mermaid-markdown-features/markdown-preview-out/chunk-J4QZX55V.js
[  LOG  ] Hashing path: resources/app/extensions/mermaid-markdown-features/markdown-preview-out/chunk-JHQ3LEJ2.js
[  LOG  ] Hashing path: resources/app/extensions/mermaid-markdown-features/markdown-preview-out/chunk-JXO2KM4E.js
[  LOG  ] Hashing path: resources/app/extensions/mermaid-markdown-features/markdown-preview-out/chunk-JZV3OND4.js
[  LOG  ] Hashing path: resources/app/extensions/mermaid-markdown-features/markdown-preview-out/chunk-KANRR4GQ.js
[  LOG  ] Hashing path: resources/app/extensions/mermaid-markdown-features/markdown-preview-out/chunk-KQSUGNVQ.js
[  LOG  ] Hashing path: resources/app/extensions/mermaid-markdown-features/markdown-preview-out/chunk-LI5WQNOO.js
[  LOG  ] Hashing path: resources/app/extensions/mermaid-markdown-features/markdown-preview-out/chunk-MORPLMM4.js
[  LOG  ] Hashing path: resources/app/extensions/mermaid-markdown-features/markdown-preview-out/chunk-NAYNVRFT.js
[  LOG  ] Hashing path: resources/app/extensions/mermaid-markdown-features/markdown-preview-out/chunk-NK24NO5N.js
[  LOG  ] Hashing path: resources/app/extensions/mermaid-markdown-features/markdown-preview-out/chunk-NZ3Q2WJX.js
[  LOG  ] Hashing path: resources/app/extensions/mermaid-markdown-features/markdown-preview-out/chunk-PAO23QCD.js
[  LOG  ] Hashing path: resources/app/extensions/mermaid-markdown-features/markdown-preview-out/chunk-PNBHH3ZV.js
[  LOG  ] Hashing path: resources/app/extensions/mermaid-markdown-features/markdown-preview-out/chunk-PPKVOE2H.js
[  LOG  ] Hashing path: resources/app/extensions/mermaid-markdown-features/markdown-preview-out/chunk-QSWXSH5R.js
[  LOG  ] Hashing path: resources/app/extensions/mermaid-markdown-features/markdown-preview-out/chunk-R6TTN2K4.js
[  LOG  ] Hashing path: resources/app/extensions/mermaid-markdown-features/markdown-preview-out/chunk-ROB3ZELR.js
[  LOG  ] Hashing path: resources/app/extensions/mermaid-markdown-features/markdown-preview-out/chunk-RSQ3B4RL.js
[  LOG  ] Hashing path: resources/app/extensions/mermaid-markdown-features/markdown-preview-out/chunk-RXZJICSN.js
[  LOG  ] Hashing path: resources/app/extensions/mermaid-markdown-features/markdown-preview-out/chunk-SHI4LDYT.js
[  LOG  ] Hashing path: resources/app/extensions/mermaid-markdown-features/markdown-preview-out/chunk-SNB7PWCV.js
[  LOG  ] Hashing path: resources/app/extensions/mermaid-markdown-features/markdown-preview-out/chunk-TVIXJQAN.js
[  LOG  ] Hashing path: resources/app/extensions/mermaid-markdown-features/markdown-preview-out/chunk-U4VSMEDZ.js
[  LOG  ] Hashing path: resources/app/extensions/mermaid-markdown-features/markdown-preview-out/chunk-WBKSEYKN.js
[  LOG  ] Hashing path: resources/app/extensions/mermaid-markdown-features/markdown-preview-out/chunk-X2GSCYFR.js
[  LOG  ] Hashing path: resources/app/extensions/mermaid-markdown-features/markdown-preview-out/chunk-ZGFHSZ5O.js
[  LOG  ] Hashing path: resources/app/extensions/mermaid-markdown-features/markdown-preview-out/chunk-XRA5PP2P.js
[  LOG  ] Hashing path: resources/app/extensions/mermaid-markdown-features/markdown-preview-out/classDiagram-DTDB5LWJ-TDBXE5JB.js
[  LOG  ] Hashing path: resources/app/extensions/mermaid-markdown-features/markdown-preview-out/classDiagram-v2-JRS7N3AN-WBBY7QCQ.js
[  LOG  ] Hashing path: resources/app/extensions/mermaid-markdown-features/markdown-preview-out/cloud-icons-eHuugVSv-NFOESXNX.js
[  LOG  ] Hashing path: resources/app/extensions/mermaid-markdown-features/markdown-preview-out/cose-bilkent-JH36ORCC-2NCHXNL7.js
[  LOG  ] Hashing path: resources/app/extensions/mermaid-markdown-features/markdown-preview-out/cynefin-OW5HDTMX-QWJ3NOXF.js
[  LOG  ] Hashing path: resources/app/extensions/mermaid-markdown-features/markdown-preview-out/cynefinDiagram-5FMLGOSQ-ILUP7AUC.js
[  LOG  ] Hashing path: resources/app/extensions/mermaid-markdown-features/markdown-preview-out/dagre-3AP2YEHR-CL7BBWBS.js
[  LOG  ] Hashing path: resources/app/extensions/mermaid-markdown-features/markdown-preview-out/diagram-S7CK7UJ4-TFJF3673.js
[  LOG  ] Hashing path: resources/app/extensions/mermaid-markdown-features/markdown-preview-out/diagram-UQ7AKVKN-YO36ST67.js
[  LOG  ] Hashing path: resources/app/extensions/mermaid-markdown-features/markdown-preview-out/diagram-VX7I27RA-2IXVYSMZ.js
[  LOG  ] Hashing path: resources/app/extensions/mermaid-markdown-features/markdown-preview-out/diagram-VSXAHHWV-RSHQAAWG.js
[  LOG  ] Hashing path: resources/app/extensions/mermaid-markdown-features/markdown-preview-out/diagram-Z3DM3KII-TP6A2EVH.js
[  LOG  ] Hashing path: resources/app/extensions/mermaid-markdown-features/markdown-preview-out/ebnfDiagram-PWID7BFC-LNKLDV4X.js
[  LOG  ] Hashing path: resources/app/extensions/mermaid-markdown-features/markdown-preview-out/eventmodeling-NTZA5JFV-I44FJRDQ.js
[  LOG  ] Hashing path: resources/app/extensions/mermaid-markdown-features/markdown-preview-out/erDiagram-SSCWMZ5O-M5T37EQT.js
[  LOG  ] Hashing path: resources/app/extensions/mermaid-markdown-features/markdown-preview-out/flowDiagram-A5DVABFB-DGFLPLH5.js
[  LOG  ] Hashing path: resources/app/extensions/mermaid-markdown-features/markdown-preview-out/ganttDiagram-EL5Y4UJY-FHYHZNLR.js
[  LOG  ] Hashing path: resources/app/extensions/mermaid-markdown-features/markdown-preview-out/gitGraph-4MIJSDKK-DOHAHB3I.js
[  LOG  ] Hashing path: resources/app/extensions/mermaid-markdown-features/markdown-preview-out/gitGraphDiagram-WWUBYQGX-ETVL2CZX.js
[  LOG  ] Hashing path: resources/app/extensions/mermaid-markdown-features/markdown-preview-out/index.js
[  LOG  ] Hashing path: resources/app/extensions/mermaid-markdown-features/markdown-preview-out/info-A6RAGUB7-R72OGLU6.js
[  LOG  ] Hashing path: resources/app/extensions/mermaid-markdown-features/markdown-preview-out/infoDiagram-RXCK75RN-AQ2FCWCX.js
[  LOG  ] Hashing path: resources/app/extensions/mermaid-markdown-features/markdown-preview-out/ishikawaDiagram-5VMMS53U-VIAIKXVV.js
[  LOG  ] Hashing path: resources/app/extensions/mermaid-markdown-features/markdown-preview-out/journeyDiagram-EYS64GPL-MMMZKQJA.js
[  LOG  ] Hashing path: resources/app/extensions/mermaid-markdown-features/markdown-preview-out/kanban-definition-3QL26DDD-OR73W4DJ.js
[  LOG  ] Hashing path: resources/app/extensions/mermaid-markdown-features/markdown-preview-out/katex-F3ZVAGOY.js
[  LOG  ] Hashing path: resources/app/extensions/mermaid-markdown-features/markdown-preview-out/logos-ULGNDP7E.js
[  LOG  ] Hashing path: resources/app/extensions/mermaid-markdown-features/markdown-preview-out/mdi-3KYDHIYZ.js
[  LOG  ] Hashing path: resources/app/extensions/mermaid-markdown-features/markdown-preview-out/mindmap-definition-FBJOCRG2-VQ36JSE3.js
[  LOG  ] Hashing path: resources/app/extensions/mermaid-markdown-features/markdown-preview-out/packet-AYTQ26CC-Q2CLNJFZ.js
[  LOG  ] Hashing path: resources/app/extensions/mermaid-markdown-features/markdown-preview-out/pegDiagram-XKGWAZYB-3VMLJO7X.js
[  LOG  ] Hashing path: resources/app/extensions/mermaid-markdown-features/markdown-preview-out/pie-WAS4IAKB-KBCMSGIX.js
[  LOG  ] Hashing path: resources/app/extensions/mermaid-markdown-features/markdown-preview-out/pieDiagram-E7YTZNPT-7ERX5527.js
[  LOG  ] Hashing path: resources/app/extensions/mermaid-markdown-features/markdown-preview-out/quadrantDiagram-AXDQQJYC-NTJXFXX6.js
[  LOG  ] Hashing path: resources/app/extensions/mermaid-markdown-features/markdown-preview-out/radar-RG4KPBEZ-OGYS5OZE.js
[  LOG  ] Hashing path: resources/app/extensions/mermaid-markdown-features/markdown-preview-out/railroad-74A4TZTK-QGQWQALV.js
[  LOG  ] Hashing path: resources/app/extensions/mermaid-markdown-features/markdown-preview-out/railroad-abnf-HS5TGJTU-VIYDECH3.js
[  LOG  ] Hashing path: resources/app/extensions/mermaid-markdown-features/markdown-preview-out/railroad-ebnf-LZEXJU2U-J3HA2QE2.js
[  LOG  ] Hashing path: resources/app/extensions/mermaid-markdown-features/markdown-preview-out/railroad-peg-WCYAUIDC-DF4CDRIP.js
[  LOG  ] Hashing path: resources/app/extensions/mermaid-markdown-features/markdown-preview-out/railroadDiagram-O6MQD6OU-VOMTGD4M.js
[  LOG  ] Hashing path: resources/app/extensions/mermaid-markdown-features/markdown-preview-out/render-DLZURBVE-CYTUHGH4.js
[  LOG  ] Hashing path: resources/app/extensions/mermaid-markdown-features/markdown-preview-out/render-TAZW7USW-O6JCSWLJ.js
[  LOG  ] Hashing path: resources/app/extensions/mermaid-markdown-features/markdown-preview-out/requirementDiagram-EFPCY7ZU-QKFT242C.js
[  LOG  ] Hashing path: resources/app/extensions/mermaid-markdown-features/markdown-preview-out/sankeyDiagram-P5KCCOFB-2XRK55GW.js
[  LOG  ] Hashing path: resources/app/extensions/mermaid-markdown-features/markdown-preview-out/sequenceDiagram-WJ2MYXX4-A3KNA2QX.js
[  LOG  ] Hashing path: resources/app/extensions/mermaid-markdown-features/markdown-preview-out/sizeCapture-X5ZJPWSS-ITZSJW7P.js
[  LOG  ] Hashing path: resources/app/extensions/mermaid-markdown-features/markdown-preview-out/stateDiagram-HBIQ2CUA-I3RL63D4.js
[  LOG  ] Hashing path: resources/app/extensions/mermaid-markdown-features/markdown-preview-out/stateDiagram-v2-4QOOHH4V-3QZFP2MN.js
[  LOG  ] Hashing path: resources/app/extensions/mermaid-markdown-features/markdown-preview-out/swimlanes-XN3QIQJK-XEXQNV2G.js
[  LOG  ] Hashing path: resources/app/extensions/mermaid-markdown-features/markdown-preview-out/swimlanesDiagram-VK2B7HYN-NS77MAN5.js
[  LOG  ] Hashing path: resources/app/extensions/mermaid-markdown-features/markdown-preview-out/timeline-definition-24CTP7MA-5ZIIDXG7.js
[  LOG  ] Hashing path: resources/app/extensions/mermaid-markdown-features/markdown-preview-out/treeView-Q6P3EWNA-IT4SDN3Z.js
[  LOG  ] Hashing path: resources/app/extensions/mermaid-markdown-features/markdown-preview-out/treemap-WGGIJYW6-35F5MUWZ.js
[  LOG  ] Hashing path: resources/app/extensions/mermaid-markdown-features/markdown-preview-out/vennDiagram-4TSXK5OY-J5CKQI5O.js
[  LOG  ] Hashing path: resources/app/extensions/mermaid-markdown-features/markdown-preview-out/wardley-WFR3VGLG-KCDZN5U7.js
[  LOG  ] Hashing path: resources/app/extensions/mermaid-markdown-features/markdown-preview-out/wardleyDiagram-VM6X3IG4-Q2PCTJO4.js
[  LOG  ] Hashing path: resources/app/extensions/mermaid-markdown-features/markdown-preview-out/xychartDiagram-S5SC5T6Z-TIF6UFTN.js
[  LOG  ] Hashing path: resources/app/extensions/mermaid-markdown-features/markdown-preview-out/zenuml-definition-ZCSB3OVJ-FKDJ5BDS.js
[  LOG  ] Hashing path: resources/app/extensions/mermaid-markdown-features/notebook-out/abnfDiagram-VCTEODGH-RZS37XYT.js
[  LOG  ] Hashing path: resources/app/extensions/mermaid-markdown-features/notebook-out/architecture-7GRP2DOG-FUYLNO4B.js
[  LOG  ] Hashing path: resources/app/extensions/mermaid-markdown-features/notebook-out/architectureDiagram-5GKGNRK7-UR6BWPEE.js
[  LOG  ] Hashing path: resources/app/extensions/mermaid-markdown-features/notebook-out/blockDiagram-NRAW4CY4-CS3URJUM.js
[  LOG  ] Hashing path: resources/app/extensions/mermaid-markdown-features/notebook-out/c4Diagram-UCG6FXSJ-L32LFF24.js
[  LOG  ] Hashing path: resources/app/extensions/mermaid-markdown-features/notebook-out/chunk-2OIKMCXU.js
[  LOG  ] Hashing path: resources/app/extensions/mermaid-markdown-features/notebook-out/chunk-2S6PUNXZ.js
[  LOG  ] Hashing path: resources/app/extensions/mermaid-markdown-features/notebook-out/chunk-35AFGY2R.js
[  LOG  ] Hashing path: resources/app/extensions/mermaid-markdown-features/notebook-out/chunk-3RNHDNP5.js
[  LOG  ] Hashing path: resources/app/extensions/mermaid-markdown-features/notebook-out/chunk-3VJHM3CQ.js
[  LOG  ] Hashing path: resources/app/extensions/mermaid-markdown-features/notebook-out/chunk-43DUALS2.js
[  LOG  ] Hashing path: resources/app/extensions/mermaid-markdown-features/notebook-out/chunk-4HJKLDAT.js
[  LOG  ] Hashing path: resources/app/extensions/mermaid-markdown-features/notebook-out/chunk-4RHYHUVT.js
[  LOG  ] Hashing path: resources/app/extensions/mermaid-markdown-features/notebook-out/chunk-5TVAF4SJ.js
[  LOG  ] Hashing path: resources/app/extensions/mermaid-markdown-features/notebook-out/chunk-5ZAMBDF5.js
[  LOG  ] Hashing path: resources/app/extensions/mermaid-markdown-features/notebook-out/chunk-73PJVYPM.js
[  LOG  ] Hashing path: resources/app/extensions/mermaid-markdown-features/notebook-out/chunk-ABRXOUHG.js
[  LOG  ] Hashing path: resources/app/extensions/mermaid-markdown-features/notebook-out/chunk-AUJBCLOB.js
[  LOG  ] Hashing path: resources/app/extensions/mermaid-markdown-features/notebook-out/chunk-BBPEOBC4.js
[  LOG  ] Hashing path: resources/app/extensions/mermaid-markdown-features/notebook-out/chunk-BQR5VGCX.js
[  LOG  ] Hashing path: resources/app/extensions/mermaid-markdown-features/notebook-out/chunk-CLY3HMUB.js
[  LOG  ] Hashing path: resources/app/extensions/mermaid-markdown-features/notebook-out/chunk-CQHAQPZP.js
[  LOG  ] Hashing path: resources/app/extensions/mermaid-markdown-features/notebook-out/chunk-CU3WNRKO.js
[  LOG  ] Hashing path: resources/app/extensions/mermaid-markdown-features/notebook-out/chunk-DG5HJNUS.js
[  LOG  ] Hashing path: resources/app/extensions/mermaid-markdown-features/notebook-out/chunk-DH4WLKDC.js
[  LOG  ] Hashing path: resources/app/extensions/mermaid-markdown-features/notebook-out/chunk-ECAF5OLA.js
[  LOG  ] Hashing path: resources/app/extensions/mermaid-markdown-features/notebook-out/chunk-FBBVFHY7.js
[  LOG  ] Hashing path: resources/app/extensions/mermaid-markdown-features/notebook-out/chunk-FBE2TSRT.js
[  LOG  ] Hashing path: resources/app/extensions/mermaid-markdown-features/notebook-out/chunk-FNK4WUGV.js
[  LOG  ] Hashing path: resources/app/extensions/mermaid-markdown-features/notebook-out/chunk-GBTSPJCM.js
[  LOG  ] Hashing path: resources/app/extensions/mermaid-markdown-features/notebook-out/chunk-IDBSHQO6.js
[  LOG  ] Hashing path: resources/app/extensions/mermaid-markdown-features/notebook-out/chunk-J4QZX55V.js
[  LOG  ] Hashing path: resources/app/extensions/mermaid-markdown-features/notebook-out/chunk-JHQ3LEJ2.js
[  LOG  ] Hashing path: resources/app/extensions/mermaid-markdown-features/notebook-out/chunk-JXO2KM4E.js
[  LOG  ] Hashing path: resources/app/extensions/mermaid-markdown-features/notebook-out/chunk-JZV3OND4.js
[  LOG  ] Hashing path: resources/app/extensions/mermaid-markdown-features/notebook-out/chunk-KANRR4GQ.js
[  LOG  ] Hashing path: resources/app/extensions/mermaid-markdown-features/notebook-out/chunk-KQSUGNVQ.js
[  LOG  ] Hashing path: resources/app/extensions/mermaid-markdown-features/notebook-out/chunk-LI5WQNOO.js
[  LOG  ] Hashing path: resources/app/extensions/mermaid-markdown-features/notebook-out/chunk-MORPLMM4.js
[  LOG  ] Hashing path: resources/app/extensions/mermaid-markdown-features/notebook-out/chunk-NAYNVRFT.js
[  LOG  ] Hashing path: resources/app/extensions/mermaid-markdown-features/notebook-out/chunk-NK24NO5N.js
[  LOG  ] Hashing path: resources/app/extensions/mermaid-markdown-features/notebook-out/chunk-NZ3Q2WJX.js
[  LOG  ] Hashing path: resources/app/extensions/mermaid-markdown-features/notebook-out/chunk-PAO23QCD.js
[  LOG  ] Hashing path: resources/app/extensions/mermaid-markdown-features/notebook-out/chunk-PPKVOE2H.js
[  LOG  ] Hashing path: resources/app/extensions/mermaid-markdown-features/notebook-out/chunk-PNBHH3ZV.js
[  LOG  ] Hashing path: resources/app/extensions/mermaid-markdown-features/notebook-out/chunk-QSWXSH5R.js
[  LOG  ] Hashing path: resources/app/extensions/mermaid-markdown-features/notebook-out/chunk-R6TTN2K4.js
[  LOG  ] Hashing path: resources/app/extensions/mermaid-markdown-features/notebook-out/chunk-ROB3ZELR.js
[  LOG  ] Hashing path: resources/app/extensions/mermaid-markdown-features/notebook-out/chunk-RSQ3B4RL.js
[  LOG  ] Hashing path: resources/app/extensions/mermaid-markdown-features/notebook-out/chunk-RXZJICSN.js
[  LOG  ] Hashing path: resources/app/extensions/mermaid-markdown-features/notebook-out/chunk-SNB7PWCV.js
[  LOG  ] Hashing path: resources/app/extensions/mermaid-markdown-features/notebook-out/chunk-SHI4LDYT.js
[  LOG  ] Hashing path: resources/app/extensions/mermaid-markdown-features/notebook-out/chunk-TVIXJQAN.js
[  LOG  ] Hashing path: resources/app/extensions/mermaid-markdown-features/notebook-out/chunk-U4VSMEDZ.js
[  LOG  ] Hashing path: resources/app/extensions/mermaid-markdown-features/notebook-out/chunk-WBKSEYKN.js
[  LOG  ] Hashing path: resources/app/extensions/mermaid-markdown-features/notebook-out/chunk-X2GSCYFR.js
[  LOG  ] Hashing path: resources/app/extensions/mermaid-markdown-features/notebook-out/chunk-XRA5PP2P.js
[  LOG  ] Hashing path: resources/app/extensions/mermaid-markdown-features/notebook-out/chunk-ZGFHSZ5O.js
[  LOG  ] Hashing path: resources/app/extensions/mermaid-markdown-features/notebook-out/classDiagram-DTDB5LWJ-TDBXE5JB.js
[  LOG  ] Hashing path: resources/app/extensions/mermaid-markdown-features/notebook-out/classDiagram-v2-JRS7N3AN-WBBY7QCQ.js
[  LOG  ] Hashing path: resources/app/extensions/mermaid-markdown-features/notebook-out/cloud-icons-eHuugVSv-NFOESXNX.js
[  LOG  ] Hashing path: resources/app/extensions/mermaid-markdown-features/notebook-out/cose-bilkent-JH36ORCC-2NCHXNL7.js
[  LOG  ] Hashing path: resources/app/extensions/mermaid-markdown-features/notebook-out/cynefin-OW5HDTMX-QWJ3NOXF.js
[  LOG  ] Hashing path: resources/app/extensions/mermaid-markdown-features/notebook-out/cynefinDiagram-5FMLGOSQ-ILUP7AUC.js
[  LOG  ] Hashing path: resources/app/extensions/mermaid-markdown-features/notebook-out/dagre-3AP2YEHR-CL7BBWBS.js
[  LOG  ] Hashing path: resources/app/extensions/mermaid-markdown-features/notebook-out/diagram-S7CK7UJ4-TFJF3673.js
[  LOG  ] Hashing path: resources/app/extensions/mermaid-markdown-features/notebook-out/diagram-UQ7AKVKN-YO36ST67.js
[  LOG  ] Hashing path: resources/app/extensions/mermaid-markdown-features/notebook-out/diagram-VSXAHHWV-RSHQAAWG.js
[  LOG  ] Hashing path: resources/app/extensions/mermaid-markdown-features/notebook-out/diagram-VX7I27RA-2IXVYSMZ.js
[  LOG  ] Hashing path: resources/app/extensions/mermaid-markdown-features/notebook-out/diagram-Z3DM3KII-TP6A2EVH.js
[  LOG  ] Hashing path: resources/app/extensions/mermaid-markdown-features/notebook-out/ebnfDiagram-PWID7BFC-LNKLDV4X.js
[  LOG  ] Hashing path: resources/app/extensions/mermaid-markdown-features/notebook-out/erDiagram-SSCWMZ5O-M5T37EQT.js
[  LOG  ] Hashing path: resources/app/extensions/mermaid-markdown-features/notebook-out/eventmodeling-NTZA5JFV-I44FJRDQ.js
[  LOG  ] Hashing path: resources/app/extensions/mermaid-markdown-features/notebook-out/flowDiagram-A5DVABFB-DGFLPLH5.js
[  LOG  ] Hashing path: resources/app/extensions/mermaid-markdown-features/notebook-out/ganttDiagram-EL5Y4UJY-FHYHZNLR.js
[  LOG  ] Hashing path: resources/app/extensions/mermaid-markdown-features/notebook-out/gitGraph-4MIJSDKK-DOHAHB3I.js
[  LOG  ] Hashing path: resources/app/extensions/mermaid-markdown-features/notebook-out/index.js
[  LOG  ] Hashing path: resources/app/extensions/mermaid-markdown-features/notebook-out/gitGraphDiagram-WWUBYQGX-ETVL2CZX.js
[  LOG  ] Hashing path: resources/app/extensions/mermaid-markdown-features/notebook-out/info-A6RAGUB7-R72OGLU6.js
[  LOG  ] Hashing path: resources/app/extensions/mermaid-markdown-features/notebook-out/infoDiagram-RXCK75RN-AQ2FCWCX.js
[  LOG  ] Hashing path: resources/app/extensions/mermaid-markdown-features/notebook-out/ishikawaDiagram-5VMMS53U-VIAIKXVV.js
[  LOG  ] Hashing path: resources/app/extensions/mermaid-markdown-features/notebook-out/journeyDiagram-EYS64GPL-MMMZKQJA.js
[  LOG  ] Hashing path: resources/app/extensions/mermaid-markdown-features/notebook-out/kanban-definition-3QL26DDD-OR73W4DJ.js
[  LOG  ] Hashing path: resources/app/extensions/mermaid-markdown-features/notebook-out/katex-F3ZVAGOY.js
[  LOG  ] Hashing path: resources/app/extensions/mermaid-markdown-features/notebook-out/logos-ULGNDP7E.js
[  LOG  ] Hashing path: resources/app/extensions/mermaid-markdown-features/notebook-out/mdi-3KYDHIYZ.js
[  LOG  ] Hashing path: resources/app/extensions/mermaid-markdown-features/notebook-out/mindmap-definition-FBJOCRG2-VQ36JSE3.js
[  LOG  ] Hashing path: resources/app/extensions/mermaid-markdown-features/notebook-out/packet-AYTQ26CC-Q2CLNJFZ.js
[  LOG  ] Hashing path: resources/app/extensions/mermaid-markdown-features/notebook-out/pegDiagram-XKGWAZYB-3VMLJO7X.js
[  LOG  ] Hashing path: resources/app/extensions/mermaid-markdown-features/notebook-out/pie-WAS4IAKB-KBCMSGIX.js
[  LOG  ] Hashing path: resources/app/extensions/mermaid-markdown-features/notebook-out/pieDiagram-E7YTZNPT-7ERX5527.js
[  LOG  ] Hashing path: resources/app/extensions/mermaid-markdown-features/notebook-out/quadrantDiagram-AXDQQJYC-NTJXFXX6.js
[  LOG  ] Hashing path: resources/app/extensions/mermaid-markdown-features/notebook-out/radar-RG4KPBEZ-OGYS5OZE.js
[  LOG  ] Hashing path: resources/app/extensions/mermaid-markdown-features/notebook-out/railroad-74A4TZTK-QGQWQALV.js
[  LOG  ] Hashing path: resources/app/extensions/mermaid-markdown-features/notebook-out/railroad-abnf-HS5TGJTU-VIYDECH3.js
[  LOG  ] Hashing path: resources/app/extensions/mermaid-markdown-features/notebook-out/railroad-ebnf-LZEXJU2U-J3HA2QE2.js
[  LOG  ] Hashing path: resources/app/extensions/mermaid-markdown-features/notebook-out/railroad-peg-WCYAUIDC-DF4CDRIP.js
[  LOG  ] Hashing path: resources/app/extensions/mermaid-markdown-features/notebook-out/railroadDiagram-O6MQD6OU-VOMTGD4M.js
[  LOG  ] Hashing path: resources/app/extensions/mermaid-markdown-features/notebook-out/render-DLZURBVE-CYTUHGH4.js
[  LOG  ] Hashing path: resources/app/extensions/mermaid-markdown-features/notebook-out/render-TAZW7USW-O6JCSWLJ.js
[  LOG  ] Hashing path: resources/app/extensions/mermaid-markdown-features/notebook-out/requirementDiagram-EFPCY7ZU-QKFT242C.js
[  LOG  ] Hashing path: resources/app/extensions/mermaid-markdown-features/notebook-out/sankeyDiagram-P5KCCOFB-2XRK55GW.js
[  LOG  ] Hashing path: resources/app/extensions/mermaid-markdown-features/notebook-out/sequenceDiagram-WJ2MYXX4-A3KNA2QX.js
[  LOG  ] Hashing path: resources/app/extensions/mermaid-markdown-features/notebook-out/sizeCapture-X5ZJPWSS-ITZSJW7P.js
[  LOG  ] Hashing path: resources/app/extensions/mermaid-markdown-features/notebook-out/stateDiagram-HBIQ2CUA-I3RL63D4.js
[  LOG  ] Hashing path: resources/app/extensions/mermaid-markdown-features/notebook-out/stateDiagram-v2-4QOOHH4V-3QZFP2MN.js
[  LOG  ] Hashing path: resources/app/extensions/mermaid-markdown-features/notebook-out/swimlanes-XN3QIQJK-XEXQNV2G.js
[  LOG  ] Hashing path: resources/app/extensions/mermaid-markdown-features/notebook-out/swimlanesDiagram-VK2B7HYN-NS77MAN5.js
[  LOG  ] Hashing path: resources/app/extensions/mermaid-markdown-features/notebook-out/timeline-definition-24CTP7MA-5ZIIDXG7.js
[  LOG  ] Hashing path: resources/app/extensions/mermaid-markdown-features/notebook-out/treeView-Q6P3EWNA-IT4SDN3Z.js
[  LOG  ] Hashing path: resources/app/extensions/mermaid-markdown-features/notebook-out/treemap-WGGIJYW6-35F5MUWZ.js
[  LOG  ] Hashing path: resources/app/extensions/mermaid-markdown-features/notebook-out/vennDiagram-4TSXK5OY-J5CKQI5O.js
[  LOG  ] Hashing path: resources/app/extensions/mermaid-markdown-features/notebook-out/wardley-WFR3VGLG-KCDZN5U7.js
[  LOG  ] Hashing path: resources/app/extensions/mermaid-markdown-features/notebook-out/wardleyDiagram-VM6X3IG4-Q2PCTJO4.js
[  LOG  ] Hashing path: resources/app/extensions/mermaid-markdown-features/notebook-out/xychartDiagram-S5SC5T6Z-TIF6UFTN.js
[  LOG  ] Hashing path: resources/app/extensions/mermaid-markdown-features/notebook-out/zenuml-definition-ZCSB3OVJ-FKDJ5BDS.js
[  LOG  ] Hashing path: resources/app/extensions/mermaid-markdown-features/package.json
[  LOG  ] Hashing path: resources/app/extensions/mermaid-markdown-features/package.nls.json
[  LOG  ] Hashing path: resources/app/extensions/microsoft-authentication/README.md
[  LOG  ] Hashing path: resources/app/extensions/microsoft-authentication/dist/extension.js
[  LOG  ] Hashing path: resources/app/extensions/microsoft-authentication/dist/libmsalruntime.so
[  LOG  ] Hashing path: resources/app/extensions/microsoft-authentication/dist/msal-node-runtime.node
[  LOG  ] Hashing path: resources/app/extensions/microsoft-authentication/media/auth.css
[  LOG  ] Hashing path: resources/app/extensions/microsoft-authentication/media/favicon.ico
[  LOG  ] Hashing path: resources/app/extensions/microsoft-authentication/media/icon.png
[  LOG  ] Hashing path: resources/app/extensions/microsoft-authentication/media/index.html
[  LOG  ] Hashing path: resources/app/extensions/microsoft-authentication/package.json
[  LOG  ] Hashing path: resources/app/extensions/ms-vscode.js-debug-companion/LICENSE.txt
[  LOG  ] Hashing path: resources/app/extensions/microsoft-authentication/package.nls.json
[  LOG  ] Hashing path: resources/app/extensions/ms-vscode.js-debug-companion/README.md
[  LOG  ] Hashing path: resources/app/extensions/ms-vscode.js-debug-companion/ThirdPartyNotices.txt
[  LOG  ] Hashing path: resources/app/extensions/ms-vscode.js-debug-companion/SECURITY.md
[  LOG  ] Hashing path: resources/app/extensions/ms-vscode.js-debug-companion/ci.yml
[  LOG  ] Hashing path: resources/app/extensions/ms-vscode.js-debug-companion/eslint.config.mjs
[  LOG  ] Hashing path: resources/app/extensions/ms-vscode.js-debug-companion/out/extension.js
[  LOG  ] Hashing path: resources/app/extensions/ms-vscode.js-debug-companion/package.json
[  LOG  ] Hashing path: resources/app/extensions/ms-vscode.js-debug-companion/resources/logo.png
[  LOG  ] Hashing path: resources/app/extensions/ms-vscode.js-debug/LICENSE.txt
[  LOG  ] Hashing path: resources/app/extensions/ms-vscode.js-debug/ThirdPartyNotices.txt
[  LOG  ] Hashing path: resources/app/extensions/ms-vscode.js-debug/package.json
[  LOG  ] Hashing path: resources/app/extensions/ms-vscode.js-debug/package.nls.json
[  LOG  ] Hashing path: resources/app/extensions/ms-vscode.js-debug/readme.md
[  LOG  ] Hashing path: resources/app/extensions/ms-vscode.js-debug/resources/dark/configure.svg
[  LOG  ] Hashing path: resources/app/extensions/ms-vscode.js-debug/resources/dark/connect.svg
[  LOG  ] Hashing path: resources/app/extensions/ms-vscode.js-debug/resources/dark/disconnect.svg
[  LOG  ] Hashing path: resources/app/extensions/ms-vscode.js-debug/resources/dark/node.svg
[  LOG  ] Hashing path: resources/app/extensions/ms-vscode.js-debug/resources/dark/open-file.svg
[  LOG  ] Hashing path: resources/app/extensions/ms-vscode.js-debug/resources/dark/page.svg
[  LOG  ] Hashing path: resources/app/extensions/ms-vscode.js-debug/resources/dark/restart.svg
[  LOG  ] Hashing path: resources/app/extensions/ms-vscode.js-debug/resources/dark/pause.svg
[  LOG  ] Hashing path: resources/app/extensions/ms-vscode.js-debug/resources/dark/resume.svg
[  LOG  ] Hashing path: resources/app/extensions/ms-vscode.js-debug/resources/dark/service-worker.svg
[  LOG  ] Hashing path: resources/app/extensions/ms-vscode.js-debug/resources/dark/stop-profiling.svg
[  LOG  ] Hashing path: resources/app/extensions/ms-vscode.js-debug/resources/dark/stop.svg
[  LOG  ] Hashing path: resources/app/extensions/ms-vscode.js-debug/resources/dark/worker.svg
[  LOG  ] Hashing path: resources/app/extensions/ms-vscode.js-debug/resources/light/configure.svg
[  LOG  ] Hashing path: resources/app/extensions/ms-vscode.js-debug/resources/light/connect.svg
[  LOG  ] Hashing path: resources/app/extensions/ms-vscode.js-debug/resources/light/disconnect.svg
[  LOG  ] Hashing path: resources/app/extensions/ms-vscode.js-debug/resources/light/node.svg
[  LOG  ] Hashing path: resources/app/extensions/ms-vscode.js-debug/resources/light/open-file.svg
[  LOG  ] Hashing path: resources/app/extensions/ms-vscode.js-debug/resources/light/page.svg
[  LOG  ] Hashing path: resources/app/extensions/ms-vscode.js-debug/resources/light/pause.svg
[  LOG  ] Hashing path: resources/app/extensions/ms-vscode.js-debug/resources/light/restart.svg
[  LOG  ] Hashing path: resources/app/extensions/ms-vscode.js-debug/resources/light/resume.svg
[  LOG  ] Hashing path: resources/app/extensions/ms-vscode.js-debug/resources/light/service-worker.svg
[  LOG  ] Hashing path: resources/app/extensions/ms-vscode.js-debug/resources/light/stop.svg
[  LOG  ] Hashing path: resources/app/extensions/ms-vscode.js-debug/resources/light/worker.svg
[  LOG  ] Hashing path: resources/app/extensions/ms-vscode.js-debug/resources/logo.png
[  LOG  ] Hashing path: resources/app/extensions/ms-vscode.js-debug/resources/logo.svg
[  LOG  ] Hashing path: resources/app/extensions/ms-vscode.js-debug/resources/readme/auto-attach.png
[  LOG  ] Hashing path: resources/app/extensions/ms-vscode.js-debug/resources/readme/conditional-exception-breakpoints.png
[  LOG  ] Hashing path: resources/app/extensions/ms-vscode.js-debug/resources/readme/exclude-caller.png
[  LOG  ] Hashing path: resources/app/extensions/ms-vscode.js-debug/resources/readme/flame-chart.png
[  LOG  ] Hashing path: resources/app/extensions/ms-vscode.js-debug/resources/readme/instrumentation-breakpoints.png
[  LOG  ] Hashing path: resources/app/extensions/ms-vscode.js-debug/resources/readme/instrumentation-breakpoints2.png
[  LOG  ] Hashing path: resources/app/extensions/ms-vscode.js-debug/resources/readme/network-view.png
[  LOG  ] Hashing path: resources/app/extensions/ms-vscode.js-debug/resources/readme/pretty-print.png
[  LOG  ] Hashing path: resources/app/extensions/ms-vscode.js-debug/resources/readme/returnvalue.png
[  LOG  ] Hashing path: resources/app/extensions/ms-vscode.js-debug/resources/readme/logo-with-text.png
[  LOG  ] Hashing path: resources/app/extensions/ms-vscode.js-debug/resources/readme/wasm-dwarf.png
[  LOG  ] Hashing path: resources/app/extensions/ms-vscode.js-debug/resources/readme/top-level-await.png
[  LOG  ] Hashing path: resources/app/extensions/ms-vscode.js-debug/resources/readme/web-worker.png
[  LOG  ] Hashing path: resources/app/extensions/ms-vscode.js-debug/resources/readme/webview2.png
[  LOG  ] Hashing path: resources/app/extensions/ms-vscode.js-debug/src/bootloader.js
[  LOG  ] Hashing path: resources/app/extensions/ms-vscode.js-debug/src/chromehash_bg.wasm
[  LOG  ] Hashing path: resources/app/extensions/ms-vscode.js-debug/src/diagnosticTool.css
[  LOG  ] Hashing path: resources/app/extensions/ms-vscode.js-debug/src/diagnosticTool.js
[  LOG  ] Hashing path: resources/app/extensions/ms-vscode.js-debug/src/extension.js
[  LOG  ] Hashing path: resources/app/extensions/ms-vscode.js-debug/src/hash.js
[  LOG  ] Hashing path: resources/app/extensions/ms-vscode.js-debug/src/renameWorker.js
[  LOG  ] Hashing path: resources/app/extensions/ms-vscode.js-debug/src/targets/node/terminateProcess.sh
[  LOG  ] Hashing path: resources/app/extensions/ms-vscode.js-debug/src/ui/basic-wat.configuration.json
[  LOG  ] Hashing path: resources/app/extensions/ms-vscode.js-debug/src/ui/basic-wat.tmLanguage.json
[  LOG  ] Hashing path: resources/app/extensions/ms-vscode.js-debug/src/vendor/acorn-loose.js
[  LOG  ] Hashing path: resources/app/extensions/ms-vscode.js-debug/src/vendor/acorn.js
[  LOG  ] Hashing path: resources/app/extensions/ms-vscode.js-debug/src/watchdog.js
[  LOG  ] Hashing path: resources/app/extensions/ms-vscode.js-debug/src/win32-app-container-tokens.win32-arm64-msvc-4ZJZ3U55.node
[  LOG  ] Hashing path: resources/app/extensions/ms-vscode.js-debug/src/win32-app-container-tokens.win32-x64-msvc-VCQE7GJP.node
[  LOG  ] Hashing path: resources/app/extensions/ms-vscode.js-debug/telemetry.json
[  LOG  ] Hashing path: resources/app/extensions/ms-vscode.vscode-js-profile-table/ThirdPartyNotices.txt
[  LOG  ] Hashing path: resources/app/extensions/ms-vscode.vscode-js-profile-table/ci.yml
[  LOG  ] Hashing path: resources/app/extensions/ms-vscode.vscode-js-profile-table/out/425.heapsnapshotWorker.js
[  LOG  ] Hashing path: resources/app/extensions/ms-vscode.vscode-js-profile-table/out/848.extension.web.js
[  LOG  ] Hashing path: resources/app/extensions/ms-vscode.vscode-js-profile-table/out/a443ca1a33b96237dd48.module.wasm
[  LOG  ] Hashing path: resources/app/extensions/ms-vscode.vscode-js-profile-table/out/cpu-client.bundle.js
[  LOG  ] Hashing path: resources/app/extensions/ms-vscode.vscode-js-profile-table/out/extension.js
[  LOG  ] Hashing path: resources/app/extensions/ms-vscode.vscode-js-profile-table/out/dbd61d846b1102299709.module.wasm
[  LOG  ] Hashing path: resources/app/extensions/ms-vscode.vscode-js-profile-table/out/extension.web.js
[  LOG  ] Hashing path: resources/app/extensions/ms-vscode.vscode-js-profile-table/out/heap-client.bundle.js
[  LOG  ] Hashing path: resources/app/extensions/ms-vscode.vscode-js-profile-table/out/heapsnapshot-client.bundle.js
[  LOG  ] Hashing path: resources/app/extensions/ms-vscode.vscode-js-profile-table/out/heapsnapshotWorker.js
[  LOG  ] Hashing path: resources/app/extensions/ms-vscode.vscode-js-profile-table/package.json
[  LOG  ] Hashing path: resources/app/extensions/ms-vscode.vscode-js-profile-table/readme.md
[  LOG  ] Hashing path: resources/app/extensions/ms-vscode.vscode-js-profile-table/resources/icon.png
[  LOG  ] Hashing path: resources/app/extensions/ms-vscode.vscode-js-profile-table/telemetry.json
[  LOG  ] Hashing path: resources/app/extensions/ms-vscode.vscode-js-profile-table/tsconfig.browser.json
[  LOG  ] Hashing path: resources/app/extensions/node_modules/typescript/lib/_tsserver.js
[  LOG  ] Hashing path: resources/app/extensions/node_modules/typescript/lib/_typingsInstaller.js
[  LOG  ] Hashing path: resources/app/extensions/node_modules/typescript/lib/cs/diagnosticMessages.generated.json
[  LOG  ] Hashing path: resources/app/extensions/node_modules/typescript/lib/de/diagnosticMessages.generated.json
[  LOG  ] Hashing path: resources/app/extensions/node_modules/typescript/lib/es/diagnosticMessages.generated.json
[  LOG  ] Hashing path: resources/app/extensions/node_modules/typescript/lib/fr/diagnosticMessages.generated.json
[  LOG  ] Hashing path: resources/app/extensions/node_modules/typescript/lib/it/diagnosticMessages.generated.json
[  LOG  ] Hashing path: resources/app/extensions/node_modules/typescript/lib/ja/diagnosticMessages.generated.json
[  LOG  ] Hashing path: resources/app/extensions/node_modules/typescript/lib/ko/diagnosticMessages.generated.json
[  LOG  ] Hashing path: resources/app/extensions/node_modules/typescript/lib/lib.d.ts
[  LOG  ] Hashing path: resources/app/extensions/node_modules/typescript/lib/lib.decorators.d.ts
[  LOG  ] Hashing path: resources/app/extensions/node_modules/typescript/lib/lib.decorators.legacy.d.ts
[  LOG  ] Hashing path: resources/app/extensions/node_modules/typescript/lib/lib.dom.asynciterable.d.ts
[  LOG  ] Hashing path: resources/app/extensions/node_modules/typescript/lib/lib.dom.d.ts
[  LOG  ] Hashing path: resources/app/extensions/node_modules/typescript/lib/lib.dom.iterable.d.ts
[  LOG  ] Hashing path: resources/app/extensions/node_modules/typescript/lib/lib.es2015.collection.d.ts
[  LOG  ] Hashing path: resources/app/extensions/node_modules/typescript/lib/lib.es2015.core.d.ts
[  LOG  ] Hashing path: resources/app/extensions/node_modules/typescript/lib/lib.es2015.d.ts
[  LOG  ] Hashing path: resources/app/extensions/node_modules/typescript/lib/lib.es2015.generator.d.ts
[  LOG  ] Hashing path: resources/app/extensions/node_modules/typescript/lib/lib.es2015.iterable.d.ts
[  LOG  ] Hashing path: resources/app/extensions/node_modules/typescript/lib/lib.es2015.proxy.d.ts
[  LOG  ] Hashing path: resources/app/extensions/node_modules/typescript/lib/lib.es2015.promise.d.ts
[  LOG  ] Hashing path: resources/app/extensions/node_modules/typescript/lib/lib.es2015.reflect.d.ts
[  LOG  ] Hashing path: resources/app/extensions/node_modules/typescript/lib/lib.es2015.symbol.d.ts
[  LOG  ] Hashing path: resources/app/extensions/node_modules/typescript/lib/lib.es2015.symbol.wellknown.d.ts
[  LOG  ] Hashing path: resources/app/extensions/node_modules/typescript/lib/lib.es2016.d.ts
[  LOG  ] Hashing path: resources/app/extensions/node_modules/typescript/lib/lib.es2016.full.d.ts
[  LOG  ] Hashing path: resources/app/extensions/node_modules/typescript/lib/lib.es2016.array.include.d.ts
[  LOG  ] Hashing path: resources/app/extensions/node_modules/typescript/lib/lib.es2016.intl.d.ts
[  LOG  ] Hashing path: resources/app/extensions/node_modules/typescript/lib/lib.es2017.arraybuffer.d.ts
[  LOG  ] Hashing path: resources/app/extensions/node_modules/typescript/lib/lib.es2017.d.ts
[  LOG  ] Hashing path: resources/app/extensions/node_modules/typescript/lib/lib.es2017.date.d.ts
[  LOG  ] Hashing path: resources/app/extensions/node_modules/typescript/lib/lib.es2017.full.d.ts
[  LOG  ] Hashing path: resources/app/extensions/node_modules/typescript/lib/lib.es2017.intl.d.ts
[  LOG  ] Hashing path: resources/app/extensions/node_modules/typescript/lib/lib.es2017.object.d.ts
[  LOG  ] Hashing path: resources/app/extensions/node_modules/typescript/lib/lib.es2017.sharedmemory.d.ts
[  LOG  ] Hashing path: resources/app/extensions/node_modules/typescript/lib/lib.es2017.string.d.ts
[  LOG  ] Hashing path: resources/app/extensions/node_modules/typescript/lib/lib.es2017.typedarrays.d.ts
[  LOG  ] Hashing path: resources/app/extensions/node_modules/typescript/lib/lib.es2018.asyncgenerator.d.ts
[  LOG  ] Hashing path: resources/app/extensions/node_modules/typescript/lib/lib.es2018.asynciterable.d.ts
[  LOG  ] Hashing path: resources/app/extensions/node_modules/typescript/lib/lib.es2018.d.ts
[  LOG  ] Hashing path: resources/app/extensions/node_modules/typescript/lib/lib.es2018.intl.d.ts
[  LOG  ] Hashing path: resources/app/extensions/node_modules/typescript/lib/lib.es2018.promise.d.ts
[  LOG  ] Hashing path: resources/app/extensions/node_modules/typescript/lib/lib.es2018.regexp.d.ts
[  LOG  ] Hashing path: resources/app/extensions/node_modules/typescript/lib/lib.es2018.full.d.ts
[  LOG  ] Hashing path: resources/app/extensions/node_modules/typescript/lib/lib.es2019.array.d.ts
[  LOG  ] Hashing path: resources/app/extensions/node_modules/typescript/lib/lib.es2019.d.ts
[  LOG  ] Hashing path: resources/app/extensions/node_modules/typescript/lib/lib.es2019.full.d.ts
[  LOG  ] Hashing path: resources/app/extensions/node_modules/typescript/lib/lib.es2019.intl.d.ts
[  LOG  ] Hashing path: resources/app/extensions/node_modules/typescript/lib/lib.es2019.object.d.ts
[  LOG  ] Hashing path: resources/app/extensions/node_modules/typescript/lib/lib.es2019.symbol.d.ts
[  LOG  ] Hashing path: resources/app/extensions/node_modules/typescript/lib/lib.es2020.bigint.d.ts
[  LOG  ] Hashing path: resources/app/extensions/node_modules/typescript/lib/lib.es2019.string.d.ts
[  LOG  ] Hashing path: resources/app/extensions/node_modules/typescript/lib/lib.es2020.d.ts
[  LOG  ] Hashing path: resources/app/extensions/node_modules/typescript/lib/lib.es2020.date.d.ts
[  LOG  ] Hashing path: resources/app/extensions/node_modules/typescript/lib/lib.es2020.full.d.ts
[  LOG  ] Hashing path: resources/app/extensions/node_modules/typescript/lib/lib.es2020.intl.d.ts
[  LOG  ] Hashing path: resources/app/extensions/node_modules/typescript/lib/lib.es2020.number.d.ts
[  LOG  ] Hashing path: resources/app/extensions/node_modules/typescript/lib/lib.es2020.promise.d.ts
[  LOG  ] Hashing path: resources/app/extensions/node_modules/typescript/lib/lib.es2020.sharedmemory.d.ts
[  LOG  ] Hashing path: resources/app/extensions/node_modules/typescript/lib/lib.es2020.string.d.ts
[  LOG  ] Hashing path: resources/app/extensions/node_modules/typescript/lib/lib.es2020.symbol.wellknown.d.ts
[  LOG  ] Hashing path: resources/app/extensions/node_modules/typescript/lib/lib.es2021.d.ts
[  LOG  ] Hashing path: resources/app/extensions/node_modules/typescript/lib/lib.es2021.full.d.ts
[  LOG  ] Hashing path: resources/app/extensions/node_modules/typescript/lib/lib.es2021.intl.d.ts
[  LOG  ] Hashing path: resources/app/extensions/node_modules/typescript/lib/lib.es2021.promise.d.ts
[  LOG  ] Hashing path: resources/app/extensions/node_modules/typescript/lib/lib.es2021.string.d.ts
[  LOG  ] Hashing path: resources/app/extensions/node_modules/typescript/lib/lib.es2021.weakref.d.ts
[  LOG  ] Hashing path: resources/app/extensions/node_modules/typescript/lib/lib.es2022.array.d.ts
[  LOG  ] Hashing path: resources/app/extensions/node_modules/typescript/lib/lib.es2022.d.ts
[  LOG  ] Hashing path: resources/app/extensions/node_modules/typescript/lib/lib.es2022.error.d.ts
[  LOG  ] Hashing path: resources/app/extensions/node_modules/typescript/lib/lib.es2022.full.d.ts
[  LOG  ] Hashing path: resources/app/extensions/node_modules/typescript/lib/lib.es2022.intl.d.ts
[  LOG  ] Hashing path: resources/app/extensions/node_modules/typescript/lib/lib.es2022.object.d.ts
[  LOG  ] Hashing path: resources/app/extensions/node_modules/typescript/lib/lib.es2022.regexp.d.ts
[  LOG  ] Hashing path: resources/app/extensions/node_modules/typescript/lib/lib.es2022.string.d.ts
[  LOG  ] Hashing path: resources/app/extensions/node_modules/typescript/lib/lib.es2023.collection.d.ts
[  LOG  ] Hashing path: resources/app/extensions/node_modules/typescript/lib/lib.es2023.array.d.ts
[  LOG  ] Hashing path: resources/app/extensions/node_modules/typescript/lib/lib.es2023.full.d.ts
[  LOG  ] Hashing path: resources/app/extensions/node_modules/typescript/lib/lib.es2023.d.ts
[  LOG  ] Hashing path: resources/app/extensions/node_modules/typescript/lib/lib.es2023.intl.d.ts
[  LOG  ] Hashing path: resources/app/extensions/node_modules/typescript/lib/lib.es2024.arraybuffer.d.ts
[  LOG  ] Hashing path: resources/app/extensions/node_modules/typescript/lib/lib.es2024.collection.d.ts
[  LOG  ] Hashing path: resources/app/extensions/node_modules/typescript/lib/lib.es2024.d.ts
[  LOG  ] Hashing path: resources/app/extensions/node_modules/typescript/lib/lib.es2024.full.d.ts
[  LOG  ] Hashing path: resources/app/extensions/node_modules/typescript/lib/lib.es2024.object.d.ts
[  LOG  ] Hashing path: resources/app/extensions/node_modules/typescript/lib/lib.es2024.promise.d.ts
[  LOG  ] Hashing path: resources/app/extensions/node_modules/typescript/lib/lib.es2024.regexp.d.ts
[  LOG  ] Hashing path: resources/app/extensions/node_modules/typescript/lib/lib.es2024.sharedmemory.d.ts
[  LOG  ] Hashing path: resources/app/extensions/node_modules/typescript/lib/lib.es2024.string.d.ts
[  LOG  ] Hashing path: resources/app/extensions/node_modules/typescript/lib/lib.es2025.d.ts
[  LOG  ] Hashing path: resources/app/extensions/node_modules/typescript/lib/lib.es2025.float16.d.ts
[  LOG  ] Hashing path: resources/app/extensions/node_modules/typescript/lib/lib.es2025.full.d.ts
[  LOG  ] Hashing path: resources/app/extensions/node_modules/typescript/lib/lib.es2025.intl.d.ts
[  LOG  ] Hashing path: resources/app/extensions/node_modules/typescript/lib/lib.es2025.collection.d.ts
[  LOG  ] Hashing path: resources/app/extensions/node_modules/typescript/lib/lib.es2025.iterator.d.ts
[  LOG  ] Hashing path: resources/app/extensions/node_modules/typescript/lib/lib.es2025.promise.d.ts
[  LOG  ] Hashing path: resources/app/extensions/node_modules/typescript/lib/lib.es2025.regexp.d.ts
[  LOG  ] Hashing path: resources/app/extensions/node_modules/typescript/lib/lib.es6.d.ts
[  LOG  ] Hashing path: resources/app/extensions/node_modules/typescript/lib/lib.esnext.array.d.ts
[  LOG  ] Hashing path: resources/app/extensions/node_modules/typescript/lib/lib.es5.d.ts
[  LOG  ] Hashing path: resources/app/extensions/node_modules/typescript/lib/lib.esnext.collection.d.ts
[  LOG  ] Hashing path: resources/app/extensions/node_modules/typescript/lib/lib.esnext.d.ts
[  LOG  ] Hashing path: resources/app/extensions/node_modules/typescript/lib/lib.esnext.date.d.ts
[  LOG  ] Hashing path: resources/app/extensions/node_modules/typescript/lib/lib.esnext.decorators.d.ts
[  LOG  ] Hashing path: resources/app/extensions/node_modules/typescript/lib/lib.esnext.disposable.d.ts
[  LOG  ] Hashing path: resources/app/extensions/node_modules/typescript/lib/lib.esnext.error.d.ts
[  LOG  ] Hashing path: resources/app/extensions/node_modules/typescript/lib/lib.esnext.full.d.ts
[  LOG  ] Hashing path: resources/app/extensions/node_modules/typescript/lib/lib.esnext.sharedmemory.d.ts
[  LOG  ] Hashing path: resources/app/extensions/node_modules/typescript/lib/lib.esnext.intl.d.ts
[  LOG  ] Hashing path: resources/app/extensions/node_modules/typescript/lib/lib.esnext.typedarrays.d.ts
[  LOG  ] Hashing path: resources/app/extensions/node_modules/typescript/lib/lib.scripthost.d.ts
[  LOG  ] Hashing path: resources/app/extensions/node_modules/typescript/lib/lib.webworker.asynciterable.d.ts
[  LOG  ] Hashing path: resources/app/extensions/node_modules/typescript/lib/lib.webworker.d.ts
[  LOG  ] Hashing path: resources/app/extensions/node_modules/typescript/lib/lib.webworker.importscripts.d.ts
[  LOG  ] Hashing path: resources/app/extensions/node_modules/typescript/lib/lib.webworker.iterable.d.ts
[  LOG  ] Hashing path: resources/app/extensions/node_modules/typescript/lib/lib.esnext.temporal.d.ts
[  LOG  ] Hashing path: resources/app/extensions/node_modules/typescript/lib/pt-br/diagnosticMessages.generated.json
[  LOG  ] Hashing path: resources/app/extensions/node_modules/typescript/lib/ru/diagnosticMessages.generated.json
[  LOG  ] Hashing path: resources/app/extensions/node_modules/typescript/lib/pl/diagnosticMessages.generated.json
[  LOG  ] Hashing path: resources/app/extensions/node_modules/typescript/lib/tr/diagnosticMessages.generated.json
[  LOG  ] Hashing path: resources/app/extensions/node_modules/typescript/lib/tsserver.js
[  LOG  ] Hashing path: resources/app/extensions/node_modules/typescript/lib/typesMap.json
[  LOG  ] Hashing path: resources/app/extensions/node_modules/typescript/lib/typescript.js
[  LOG  ] Hashing path: resources/app/extensions/node_modules/typescript/lib/typingsInstaller.js
[  LOG  ] Hashing path: resources/app/extensions/node_modules/typescript/lib/watchGuard.js
[  LOG  ] Hashing path: resources/app/extensions/node_modules/typescript/lib/zh-cn/diagnosticMessages.generated.json
[  LOG  ] Hashing path: resources/app/extensions/node_modules/typescript/lib/zh-tw/diagnosticMessages.generated.json
[  LOG  ] Hashing path: resources/app/extensions/node_modules/typescript/package.json
[  LOG  ] Hashing path: resources/app/extensions/notebook-renderers/README.md
[  LOG  ] Hashing path: resources/app/extensions/notebook-renderers/media/icon.png
[  LOG  ] Hashing path: resources/app/extensions/notebook-renderers/package.json
[  LOG  ] Hashing path: resources/app/extensions/notebook-renderers/package.nls.json
[  LOG  ] Hashing path: resources/app/extensions/notebook-renderers/renderer-out/index.js
[  LOG  ] Hashing path: resources/app/extensions/npm/README.md
[  LOG  ] Hashing path: resources/app/extensions/npm/dist/npmMain.js
[  LOG  ] Hashing path: resources/app/extensions/npm/images/code.svg
[  LOG  ] Hashing path: resources/app/extensions/npm/images/npm_icon.png
[  LOG  ] Hashing path: resources/app/extensions/npm/package.json
[  LOG  ] Hashing path: resources/app/extensions/npm/package.nls.json
[  LOG  ] Hashing path: resources/app/extensions/objective-c/language-configuration.json
[  LOG  ] Hashing path: resources/app/extensions/objective-c/package.json
[  LOG  ] Hashing path: resources/app/extensions/objective-c/package.nls.json
[  LOG  ] Hashing path: resources/app/extensions/objective-c/syntaxes/objective-c++.tmLanguage.json
[  LOG  ] Hashing path: resources/app/extensions/objective-c/syntaxes/objective-c.tmLanguage.json
[  LOG  ] Hashing path: resources/app/extensions/perl/package.json
[  LOG  ] Hashing path: resources/app/extensions/perl/package.nls.json
[  LOG  ] Hashing path: resources/app/extensions/perl/perl.language-configuration.json
[  LOG  ] Hashing path: resources/app/extensions/perl/perl6.language-configuration.json
[  LOG  ] Hashing path: resources/app/extensions/perl/syntaxes/perl.tmLanguage.json
[  LOG  ] Hashing path: resources/app/extensions/perl/syntaxes/perl6.tmLanguage.json
[  LOG  ] Hashing path: resources/app/extensions/php-language-features/README.md
[  LOG  ] Hashing path: resources/app/extensions/php-language-features/dist/phpMain.js
[  LOG  ] Hashing path: resources/app/extensions/php-language-features/icons/logo.png
[  LOG  ] Hashing path: resources/app/extensions/php-language-features/package.json
[  LOG  ] Hashing path: resources/app/extensions/php-language-features/package.nls.json
[  LOG  ] Hashing path: resources/app/extensions/php/language-configuration.json
[  LOG  ] Hashing path: resources/app/extensions/php/package.json
[  LOG  ] Hashing path: resources/app/extensions/php/package.nls.json
[  LOG  ] Hashing path: resources/app/extensions/php/snippets/php.code-snippets
[  LOG  ] Hashing path: resources/app/extensions/php/syntaxes/html.tmLanguage.json
[  LOG  ] Hashing path: resources/app/extensions/php/syntaxes/php.tmLanguage.json
[  LOG  ] Hashing path: resources/app/extensions/powershell/language-configuration.json
[  LOG  ] Hashing path: resources/app/extensions/powershell/package.json
[  LOG  ] Hashing path: resources/app/extensions/powershell/package.nls.json
[  LOG  ] Hashing path: resources/app/extensions/powershell/syntaxes/powershell.tmLanguage.json
[  LOG  ] Hashing path: resources/app/extensions/prompt-basics/language-configuration.json
[  LOG  ] Hashing path: resources/app/extensions/prompt-basics/package.json
[  LOG  ] Hashing path: resources/app/extensions/prompt-basics/package.nls.json
[  LOG  ] Hashing path: resources/app/extensions/prompt-basics/syntaxes/prompt.tmLanguage.json
[  LOG  ] Hashing path: resources/app/extensions/pug/language-configuration.json
[  LOG  ] Hashing path: resources/app/extensions/pug/package.json
[  LOG  ] Hashing path: resources/app/extensions/pug/package.nls.json
[  LOG  ] Hashing path: resources/app/extensions/pug/syntaxes/pug.tmLanguage.json
[  LOG  ] Hashing path: resources/app/extensions/python/language-configuration.json
[  LOG  ] Hashing path: resources/app/extensions/python/package.json
[  LOG  ] Hashing path: resources/app/extensions/python/package.nls.json
[  LOG  ] Hashing path: resources/app/extensions/python/syntaxes/MagicPython.tmLanguage.json
[  LOG  ] Hashing path: resources/app/extensions/python/syntaxes/MagicRegExp.tmLanguage.json
[  LOG  ] Hashing path: resources/app/extensions/r/language-configuration.json
[  LOG  ] Hashing path: resources/app/extensions/r/package.json
[  LOG  ] Hashing path: resources/app/extensions/r/package.nls.json
[  LOG  ] Hashing path: resources/app/extensions/r/syntaxes/r.tmLanguage.json
[  LOG  ] Hashing path: resources/app/extensions/razor/language-configuration.json
[  LOG  ] Hashing path: resources/app/extensions/razor/package.json
[  LOG  ] Hashing path: resources/app/extensions/razor/package.nls.json
[  LOG  ] Hashing path: resources/app/extensions/references-view/dist/extension.js
[  LOG  ] Hashing path: resources/app/extensions/references-view/README.md
[  LOG  ] Hashing path: resources/app/extensions/references-view/media/demo.png
[  LOG  ] Hashing path: resources/app/extensions/razor/syntaxes/cshtml.tmLanguage.json
[  LOG  ] Hashing path: resources/app/extensions/references-view/media/icon.png
[  LOG  ] Hashing path: resources/app/extensions/references-view/package.json
[  LOG  ] Hashing path: resources/app/extensions/references-view/package.nls.json
[  LOG  ] Hashing path: resources/app/extensions/restructuredtext/language-configuration.json
[  LOG  ] Hashing path: resources/app/extensions/restructuredtext/package.json
[  LOG  ] Hashing path: resources/app/extensions/restructuredtext/package.nls.json
[  LOG  ] Hashing path: resources/app/extensions/restructuredtext/syntaxes/rst.tmLanguage.json
[  LOG  ] Hashing path: resources/app/extensions/ruby/language-configuration.json
[  LOG  ] Hashing path: resources/app/extensions/ruby/package.json
[  LOG  ] Hashing path: resources/app/extensions/ruby/package.nls.json
[  LOG  ] Hashing path: resources/app/extensions/ruby/syntaxes/ruby.tmLanguage.json
[  LOG  ] Hashing path: resources/app/extensions/rust/language-configuration.json
[  LOG  ] Hashing path: resources/app/extensions/rust/package.json
[  LOG  ] Hashing path: resources/app/extensions/rust/package.nls.json
[  LOG  ] Hashing path: resources/app/extensions/rust/syntaxes/rust.tmLanguage.json
[  LOG  ] Hashing path: resources/app/extensions/scss/language-configuration.json
[  LOG  ] Hashing path: resources/app/extensions/scss/package.json
[  LOG  ] Hashing path: resources/app/extensions/scss/package.nls.json
[  LOG  ] Hashing path: resources/app/extensions/scss/syntaxes/sassdoc.tmLanguage.json
[  LOG  ] Hashing path: resources/app/extensions/scss/syntaxes/scss.tmLanguage.json
[  LOG  ] Hashing path: resources/app/extensions/search-result/dist/extension.js
[  LOG  ] Hashing path: resources/app/extensions/search-result/images/icon.png
[  LOG  ] Hashing path: resources/app/extensions/search-result/package.json
[  LOG  ] Hashing path: resources/app/extensions/search-result/README.md
[  LOG  ] Hashing path: resources/app/extensions/search-result/package.nls.json
[  LOG  ] Hashing path: resources/app/extensions/search-result/syntaxes/searchResult.tmLanguage.json
[  LOG  ] Hashing path: resources/app/extensions/shaderlab/language-configuration.json
[  LOG  ] Hashing path: resources/app/extensions/shaderlab/package.json
[  LOG  ] Hashing path: resources/app/extensions/shaderlab/package.nls.json
[  LOG  ] Hashing path: resources/app/extensions/shaderlab/syntaxes/shaderlab.tmLanguage.json
[  LOG  ] Hashing path: resources/app/extensions/shellscript/language-configuration.json
[  LOG  ] Hashing path: resources/app/extensions/shellscript/package.json
[  LOG  ] Hashing path: resources/app/extensions/shellscript/package.nls.json
[  LOG  ] Hashing path: resources/app/extensions/shellscript/syntaxes/shell-unix-bash.tmLanguage.json
[  LOG  ] Hashing path: resources/app/extensions/simple-browser/README.md
[  LOG  ] Hashing path: resources/app/extensions/simple-browser/dist/extension.js
[  LOG  ] Hashing path: resources/app/extensions/simple-browser/media/codicon.css
[  LOG  ] Hashing path: resources/app/extensions/simple-browser/media/icon.png
[  LOG  ] Hashing path: resources/app/extensions/simple-browser/media/index.js
[  LOG  ] Hashing path: resources/app/extensions/simple-browser/media/main.css
[  LOG  ] Hashing path: resources/app/extensions/simple-browser/media/preview-dark.svg
[  LOG  ] Hashing path: resources/app/extensions/simple-browser/media/preview-light.svg
[  LOG  ] Hashing path: resources/app/extensions/simple-browser/package.nls.json
[  LOG  ] Hashing path: resources/app/extensions/sql/language-configuration.json
[  LOG  ] Hashing path: resources/app/extensions/simple-browser/package.json
[  LOG  ] Hashing path: resources/app/extensions/sql/package.json
[  LOG  ] Hashing path: resources/app/extensions/swift/language-configuration.json
[  LOG  ] Hashing path: resources/app/extensions/sql/syntaxes/sql.tmLanguage.json
[  LOG  ] Hashing path: resources/app/extensions/swift/package.json
[  LOG  ] Hashing path: resources/app/extensions/swift/package.nls.json
[  LOG  ] Hashing path: resources/app/extensions/swift/snippets/swift.code-snippets
[  LOG  ] Hashing path: resources/app/extensions/sql/package.nls.json
[  LOG  ] Hashing path: resources/app/extensions/swift/syntaxes/swift.tmLanguage.json
[  LOG  ] Hashing path: resources/app/extensions/terminal-suggest/.gitignore
[  LOG  ] Hashing path: resources/app/extensions/terminal-suggest/README.md
[  LOG  ] Hashing path: resources/app/extensions/terminal-suggest/ThirdPartyNotices.txt
[  LOG  ] Hashing path: resources/app/extensions/terminal-suggest/media/icon.png
[  LOG  ] Hashing path: resources/app/extensions/terminal-suggest/dist/terminalSuggestMain.js
[  LOG  ] Hashing path: resources/app/extensions/terminal-suggest/package.nls.json
[  LOG  ] Hashing path: resources/app/extensions/theme-abyss/package.json
[  LOG  ] Hashing path: resources/app/extensions/theme-abyss/package.nls.json
[  LOG  ] Hashing path: resources/app/extensions/theme-abyss/themes/abyss-color-theme.json
[  LOG  ] Hashing path: resources/app/extensions/terminal-suggest/package.json
[  LOG  ] Hashing path: resources/app/extensions/theme-defaults/fileicons/images/document-dark.svg
[  LOG  ] Hashing path: resources/app/extensions/theme-defaults/fileicons/images/document-light.svg
[  LOG  ] Hashing path: resources/app/extensions/theme-defaults/fileicons/images/folder-dark.svg
[  LOG  ] Hashing path: resources/app/extensions/theme-defaults/fileicons/images/folder-open-dark.svg
[  LOG  ] Hashing path: resources/app/extensions/theme-defaults/fileicons/images/folder-light.svg
[  LOG  ] Hashing path: resources/app/extensions/theme-defaults/fileicons/images/folder-open-light.svg
[  LOG  ] Hashing path: resources/app/extensions/theme-defaults/fileicons/images/root-folder-dark.svg
[  LOG  ] Hashing path: resources/app/extensions/theme-defaults/fileicons/images/root-folder-light.svg
[  LOG  ] Hashing path: resources/app/extensions/theme-defaults/fileicons/images/root-folder-open-light.svg
[  LOG  ] Hashing path: resources/app/extensions/theme-defaults/fileicons/vs_minimal-icon-theme.json
[  LOG  ] Hashing path: resources/app/extensions/theme-defaults/package.json
[  LOG  ] Hashing path: resources/app/extensions/theme-defaults/package.nls.json
[  LOG  ] Hashing path: resources/app/extensions/theme-defaults/fileicons/images/root-folder-open-dark.svg
[  LOG  ] Hashing path: resources/app/extensions/theme-defaults/themes/2026-dark.json
[  LOG  ] Hashing path: resources/app/extensions/theme-defaults/themes/2026-light.json
[  LOG  ] Hashing path: resources/app/extensions/theme-defaults/themes/dark_modern.json
[  LOG  ] Hashing path: resources/app/extensions/theme-defaults/themes/dark_plus.json
[  LOG  ] Hashing path: resources/app/extensions/theme-defaults/themes/dark_vs.json
[  LOG  ] Hashing path: resources/app/extensions/theme-defaults/themes/hc_light.json
[  LOG  ] Hashing path: resources/app/extensions/theme-defaults/themes/hc_black.json
[  LOG  ] Hashing path: resources/app/extensions/theme-defaults/themes/light_plus.json
[  LOG  ] Hashing path: resources/app/extensions/theme-defaults/themes/light_vs.json
[  LOG  ] Hashing path: resources/app/extensions/theme-defaults/themes/light_modern.json
[  LOG  ] Hashing path: resources/app/extensions/theme-kimbie-dark/package.json
[  LOG  ] Hashing path: resources/app/extensions/theme-kimbie-dark/package.nls.json
[  LOG  ] Hashing path: resources/app/extensions/theme-modern-icons/README.md
[  LOG  ] Hashing path: resources/app/extensions/theme-kimbie-dark/themes/kimbie-dark-color-theme.json
[  LOG  ] Hashing path: resources/app/extensions/theme-modern-icons/fileicons/images/file.svg
[  LOG  ] Hashing path: resources/app/extensions/theme-modern-icons/fileicons/images/folder-open.svg
[  LOG  ] Hashing path: resources/app/extensions/theme-modern-icons/fileicons/images/folder.svg
[  LOG  ] Hashing path: resources/app/extensions/theme-modern-icons/fileicons/images/frame.svg
[  LOG  ] Hashing path: resources/app/extensions/theme-modern-icons/fileicons/images/fsharp.svg
[  LOG  ] Hashing path: resources/app/extensions/theme-modern-icons/fileicons/images/github.svg
[  LOG  ] Hashing path: resources/app/extensions/theme-modern-icons/fileicons/images/git.svg
[  LOG  ] Hashing path: resources/app/extensions/theme-modern-icons/fileicons/images/gitlab.svg
[  LOG  ] Hashing path: resources/app/extensions/theme-modern-icons/fileicons/images/go2.svg
[  LOG  ] Hashing path: resources/app/extensions/theme-modern-icons/fileicons/images/gitignore.svg
[  LOG  ] Hashing path: resources/app/extensions/theme-modern-icons/fileicons/images/go_3.svg
[  LOG  ] Hashing path: resources/app/extensions/theme-modern-icons/fileicons/images/godot.svg
[  LOG  ] Hashing path: resources/app/extensions/theme-modern-icons/fileicons/images/gradle.svg
[  LOG  ] Hashing path: resources/app/extensions/theme-modern-icons/fileicons/images/grails.svg
[  LOG  ] Hashing path: resources/app/extensions/theme-modern-icons/fileicons/images/graphql.svg
[  LOG  ] Hashing path: resources/app/extensions/theme-modern-icons/fileicons/images/grunt.svg
[  LOG  ] Hashing path: resources/app/extensions/theme-modern-icons/fileicons/images/hacklang.svg
[  LOG  ] Hashing path: resources/app/extensions/theme-modern-icons/fileicons/images/haml.svg
[  LOG  ] Hashing path: resources/app/extensions/theme-modern-icons/fileicons/images/happenings.svg
[  LOG  ] Hashing path: resources/app/extensions/theme-modern-icons/fileicons/images/haskell.svg
[  LOG  ] Hashing path: resources/app/extensions/theme-modern-icons/fileicons/images/gulp.svg
[  LOG  ] Hashing path: resources/app/extensions/theme-modern-icons/fileicons/images/haxe.svg
[  LOG  ] Hashing path: resources/app/extensions/theme-modern-icons/fileicons/images/heroku.svg
[  LOG  ] Hashing path: resources/app/extensions/theme-modern-icons/fileicons/images/hex.svg
[  LOG  ] Hashing path: resources/app/extensions/theme-modern-icons/fileicons/images/html.svg
[  LOG  ] Hashing path: resources/app/extensions/theme-modern-icons/fileicons/images/ignored.svg
[  LOG  ] Hashing path: resources/app/extensions/theme-modern-icons/fileicons/images/htmlerb.svg
[  LOG  ] Hashing path: resources/app/extensions/theme-modern-icons/fileicons/images/illustrator.svg
[  LOG  ] Hashing path: resources/app/extensions/theme-modern-icons/fileicons/images/image.svg
[  LOG  ] Hashing path: resources/app/extensions/theme-modern-icons/fileicons/images/info.svg
[  LOG  ] Hashing path: resources/app/extensions/theme-modern-icons/fileicons/images/ionic.svg
[  LOG  ] Hashing path: resources/app/extensions/theme-modern-icons/fileicons/images/jade.svg
[  LOG  ] Hashing path: resources/app/extensions/theme-modern-icons/fileicons/images/java.svg
[  LOG  ] Hashing path: resources/app/extensions/theme-modern-icons/fileicons/images/javascript.svg
[  LOG  ] Hashing path: resources/app/extensions/theme-modern-icons/fileicons/images/jenkins.svg
[  LOG  ] Hashing path: resources/app/extensions/theme-modern-icons/fileicons/images/jinja.svg
[  LOG  ] Hashing path: resources/app/extensions/theme-modern-icons/fileicons/images/json.svg
[  LOG  ] Hashing path: resources/app/extensions/theme-modern-icons/fileicons/images/jserb.svg
[  LOG  ] Hashing path: resources/app/extensions/theme-modern-icons/fileicons/images/julia.svg
[  LOG  ] Hashing path: resources/app/extensions/theme-modern-icons/fileicons/images/karma.svg
[  LOG  ] Hashing path: resources/app/extensions/theme-modern-icons/fileicons/images/kotlin.svg
[  LOG  ] Hashing path: resources/app/extensions/theme-modern-icons/fileicons/images/less.svg
[  LOG  ] Hashing path: resources/app/extensions/theme-modern-icons/fileicons/images/license.svg
[  LOG  ] Hashing path: resources/app/extensions/theme-modern-icons/fileicons/images/liquid.svg
[  LOG  ] Hashing path: resources/app/extensions/theme-modern-icons/fileicons/images/lua.svg
[  LOG  ] Hashing path: resources/app/extensions/theme-modern-icons/fileicons/images/makefile.svg
[  LOG  ] Hashing path: resources/app/extensions/theme-modern-icons/fileicons/images/maven.svg
[  LOG  ] Hashing path: resources/app/extensions/theme-modern-icons/fileicons/images/markdown.svg
[  LOG  ] Hashing path: resources/app/extensions/theme-modern-icons/fileicons/images/mdo.svg
[  LOG  ] Hashing path: resources/app/extensions/theme-modern-icons/fileicons/images/mustache.svg
[  LOG  ] Hashing path: resources/app/extensions/theme-modern-icons/fileicons/images/nlm.svg
[  LOG  ] Hashing path: resources/app/extensions/theme-modern-icons/fileicons/images/livescript.svg
[  LOG  ] Hashing path: resources/app/extensions/theme-modern-icons/fileicons/images/notebook.svg
[  LOG  ] Hashing path: resources/app/extensions/theme-modern-icons/fileicons/images/npm.svg
[  LOG  ] Hashing path: resources/app/extensions/theme-modern-icons/fileicons/images/npmignored.svg
[  LOG  ] Hashing path: resources/app/extensions/theme-modern-icons/fileicons/images/nunjucks.svg
[  LOG  ] Hashing path: resources/app/extensions/theme-modern-icons/fileicons/images/odata.svg
[  LOG  ] Hashing path: resources/app/extensions/theme-modern-icons/fileicons/images/pddl.svg
[  LOG  ] Hashing path: resources/app/extensions/theme-modern-icons/fileicons/images/ocaml.svg
[  LOG  ] Hashing path: resources/app/extensions/theme-modern-icons/fileicons/images/perl.svg
[  LOG  ] Hashing path: resources/app/extensions/theme-modern-icons/fileicons/images/pdf.svg
[  LOG  ] Hashing path: resources/app/extensions/theme-modern-icons/fileicons/images/photoshop.svg
[  LOG  ] Hashing path: resources/app/extensions/theme-modern-icons/fileicons/images/pipeline.svg
[  LOG  ] Hashing path: resources/app/extensions/theme-modern-icons/fileicons/images/plan.svg
[  LOG  ] Hashing path: resources/app/extensions/theme-modern-icons/fileicons/images/platformio.svg
[  LOG  ] Hashing path: resources/app/extensions/theme-modern-icons/fileicons/images/php.svg
[  LOG  ] Hashing path: resources/app/extensions/theme-modern-icons/fileicons/images/powershell.svg
[  LOG  ] Hashing path: resources/app/extensions/theme-modern-icons/fileicons/images/prisma.svg
[  LOG  ] Hashing path: resources/app/extensions/theme-modern-icons/fileicons/images/prolog.svg
[  LOG  ] Hashing path: resources/app/extensions/theme-modern-icons/fileicons/images/pug.svg
[  LOG  ] Hashing path: resources/app/extensions/theme-modern-icons/fileicons/images/puppet.svg
[  LOG  ] Hashing path: resources/app/extensions/theme-modern-icons/fileicons/images/project.svg
[  LOG  ] Hashing path: resources/app/extensions/theme-modern-icons/fileicons/images/python.svg
[  LOG  ] Hashing path: resources/app/extensions/theme-modern-icons/fileicons/images/purescript.svg
[  LOG  ] Hashing path: resources/app/extensions/theme-modern-icons/fileicons/images/r.svg
[  LOG  ] Hashing path: resources/app/extensions/theme-modern-icons/fileicons/images/react.svg
[  LOG  ] Hashing path: resources/app/extensions/theme-modern-icons/fileicons/images/reasonml.svg
[  LOG  ] Hashing path: resources/app/extensions/theme-modern-icons/fileicons/images/rescript.svg
[  LOG  ] Hashing path: resources/app/extensions/theme-modern-icons/fileicons/images/rails.svg
[  LOG  ] Hashing path: resources/app/extensions/theme-modern-icons/fileicons/images/ruby.svg
[  LOG  ] Hashing path: resources/app/extensions/theme-modern-icons/fileicons/images/rust.svg
[  LOG  ] Hashing path: resources/app/extensions/theme-modern-icons/fileicons/images/rollup.svg
[  LOG  ] Hashing path: resources/app/extensions/theme-modern-icons/fileicons/images/sass.svg
[  LOG  ] Hashing path: resources/app/extensions/theme-modern-icons/fileicons/images/salesforce.svg
[  LOG  ] Hashing path: resources/app/extensions/theme-modern-icons/fileicons/images/sbt.svg
[  LOG  ] Hashing path: resources/app/extensions/theme-modern-icons/fileicons/images/scala.svg
[  LOG  ] Hashing path: resources/app/extensions/theme-modern-icons/fileicons/images/search.svg
[  LOG  ] Hashing path: resources/app/extensions/theme-modern-icons/fileicons/images/settings.svg
[  LOG  ] Hashing path: resources/app/extensions/theme-modern-icons/fileicons/images/shell.svg
[  LOG  ] Hashing path: resources/app/extensions/theme-modern-icons/fileicons/images/slim.svg
[  LOG  ] Hashing path: resources/app/extensions/theme-modern-icons/fileicons/images/smarty.svg
[  LOG  ] Hashing path: resources/app/extensions/theme-modern-icons/fileicons/images/spring.svg
[  LOG  ] Hashing path: resources/app/extensions/theme-modern-icons/fileicons/images/stylelint.svg
[  LOG  ] Hashing path: resources/app/extensions/theme-modern-icons/fileicons/images/stylus.svg
[  LOG  ] Hashing path: resources/app/extensions/theme-modern-icons/fileicons/images/sublime.svg
[  LOG  ] Hashing path: resources/app/extensions/theme-modern-icons/fileicons/images/svelte.svg
[  LOG  ] Hashing path: resources/app/extensions/theme-modern-icons/fileicons/images/swift.svg
[  LOG  ] Hashing path: resources/app/extensions/theme-modern-icons/fileicons/images/terraform.svg
[  LOG  ] Hashing path: resources/app/extensions/theme-modern-icons/fileicons/images/tex.svg
[  LOG  ] Hashing path: resources/app/extensions/theme-modern-icons/fileicons/images/time_cop.svg
[  LOG  ] Hashing path: resources/app/extensions/theme-modern-icons/fileicons/images/todo.svg
[  LOG  ] Hashing path: resources/app/extensions/theme-modern-icons/fileicons/images/tsconfig.svg
[  LOG  ] Hashing path: resources/app/extensions/theme-modern-icons/fileicons/images/twig.svg
[  LOG  ] Hashing path: resources/app/extensions/theme-modern-icons/fileicons/images/typescript.svg
[  LOG  ] Hashing path: resources/app/extensions/theme-modern-icons/fileicons/images/svg.svg
[  LOG  ] Hashing path: resources/app/extensions/theme-modern-icons/fileicons/images/vala.svg
[  LOG  ] Hashing path: resources/app/extensions/theme-modern-icons/fileicons/images/video.svg
[  LOG  ] Hashing path: resources/app/extensions/theme-modern-icons/fileicons/images/vue.svg
[  LOG  ] Hashing path: resources/app/extensions/theme-modern-icons/fileicons/images/wasm.svg
[  LOG  ] Hashing path: resources/app/extensions/theme-modern-icons/fileicons/images/wat.svg
[  LOG  ] Hashing path: resources/app/extensions/theme-modern-icons/fileicons/images/webpack.svg
[  LOG  ] Hashing path: resources/app/extensions/theme-modern-icons/fileicons/images/wgt.svg
[  LOG  ] Hashing path: resources/app/extensions/theme-modern-icons/fileicons/images/windows.svg
[  LOG  ] Hashing path: resources/app/extensions/theme-modern-icons/fileicons/images/word.svg
[  LOG  ] Hashing path: resources/app/extensions/theme-modern-icons/fileicons/images/xls.svg
[  LOG  ] Hashing path: resources/app/extensions/theme-modern-icons/fileicons/images/xml.svg
[  LOG  ] Hashing path: resources/app/extensions/theme-modern-icons/fileicons/images/yarn.svg
[  LOG  ] Hashing path: resources/app/extensions/theme-modern-icons/fileicons/vscode-modern-icons-icon-theme.json
[  LOG  ] Hashing path: resources/app/extensions/theme-modern-icons/package.json
[  LOG  ] Hashing path: resources/app/extensions/theme-modern-icons/package.nls.json
[  LOG  ] Hashing path: resources/app/extensions/theme-monokai-dimmed/package.json
[  LOG  ] Hashing path: resources/app/extensions/theme-monokai-dimmed/themes/dimmed-monokai-color-theme.json
[  LOG  ] Hashing path: resources/app/extensions/theme-monokai-dimmed/package.nls.json
[  LOG  ] Hashing path: resources/app/extensions/theme-monokai/package.json
[  LOG  ] Hashing path: resources/app/extensions/theme-monokai/package.nls.json
[  LOG  ] Hashing path: resources/app/extensions/theme-monokai/themes/monokai-color-theme.json
[  LOG  ] Hashing path: resources/app/extensions/theme-quietlight/package.json
[  LOG  ] Hashing path: resources/app/extensions/theme-quietlight/package.nls.json
[  LOG  ] Hashing path: resources/app/extensions/theme-red/package.nls.json
[  LOG  ] Hashing path: resources/app/extensions/theme-red/package.json
[  LOG  ] Hashing path: resources/app/extensions/theme-quietlight/themes/quietlight-color-theme.json
[  LOG  ] Hashing path: resources/app/extensions/theme-red/themes/Red-color-theme.json
[  LOG  ] Hashing path: resources/app/extensions/theme-seti/ThirdPartyNotices.txt
[  LOG  ] Hashing path: resources/app/extensions/theme-seti/README.md
[  LOG  ] Hashing path: resources/app/extensions/theme-seti/icons/seti.woff
[  LOG  ] Hashing path: resources/app/extensions/theme-seti/icons/vs-seti-icon-theme.json
[  LOG  ] Hashing path: resources/app/extensions/theme-seti/icons/seti-circular-128x128.png
[  LOG  ] Hashing path: resources/app/extensions/theme-seti/package.json
[  LOG  ] Hashing path: resources/app/extensions/theme-seti/package.nls.json
[  LOG  ] Hashing path: resources/app/extensions/theme-solarized-dark/package.json
[  LOG  ] Hashing path: resources/app/extensions/theme-solarized-dark/package.nls.json
[  LOG  ] Hashing path: resources/app/extensions/theme-solarized-dark/themes/solarized-dark-color-theme.json
[  LOG  ] Hashing path: resources/app/extensions/theme-solarized-light/package.json
[  LOG  ] Hashing path: resources/app/extensions/theme-solarized-light/package.nls.json
[  LOG  ] Hashing path: resources/app/extensions/theme-solarized-light/themes/solarized-light-color-theme.json
[  LOG  ] Hashing path: resources/app/extensions/theme-tomorrow-night-blue/package.json
[  LOG  ] Hashing path: resources/app/extensions/theme-tomorrow-night-blue/package.nls.json
[  LOG  ] Hashing path: resources/app/extensions/theme-tomorrow-night-blue/themes/tomorrow-night-blue-color-theme.json
[  LOG  ] Hashing path: resources/app/extensions/tunnel-forwarding/dist/extension.js
[  LOG  ] Hashing path: resources/app/extensions/tunnel-forwarding/media/icon.png
[  LOG  ] Hashing path: resources/app/extensions/tunnel-forwarding/package.json
[  LOG  ] Hashing path: resources/app/extensions/tunnel-forwarding/.vscode/launch.json
[  LOG  ] Hashing path: resources/app/extensions/tunnel-forwarding/package.nls.json
[  LOG  ] Hashing path: resources/app/extensions/typescript-basics/language-configuration.json
[  LOG  ] Hashing path: resources/app/extensions/typescript-basics/package.nls.json
[  LOG  ] Hashing path: resources/app/extensions/typescript-basics/package.json
[  LOG  ] Hashing path: resources/app/extensions/typescript-basics/snippets/typescript.code-snippets
[  LOG  ] Hashing path: resources/app/extensions/typescript-basics/syntaxes/TypeScript.tmLanguage.json
[  LOG  ] Hashing path: resources/app/extensions/typescript-basics/syntaxes/TypeScriptReact.tmLanguage.json
[  LOG  ] Hashing path: resources/app/extensions/typescript-basics/syntaxes/jsdoc.js.injection.tmLanguage.json
[  LOG  ] Hashing path: resources/app/extensions/typescript-basics/syntaxes/jsdoc.ts.injection.tmLanguage.json
[  LOG  ] Hashing path: resources/app/extensions/typescript-language-features/README.md
[  LOG  ] Hashing path: resources/app/extensions/typescript-language-features/dist/extension.js
[  LOG  ] Hashing path: resources/app/extensions/typescript-language-features/media/icon.png
[  LOG  ] Hashing path: resources/app/extensions/typescript-language-features/package.json
[  LOG  ] Hashing path: resources/app/extensions/typescript-language-features/package.nls.json
[  LOG  ] Hashing path: resources/app/extensions/typescript-language-features/resources/walkthroughs/create-a-js-file.svg
[  LOG  ] Hashing path: resources/app/extensions/typescript-language-features/resources/walkthroughs/debug-and-run.svg
[  LOG  ] Hashing path: resources/app/extensions/typescript-language-features/resources/walkthroughs/install-node-js.svg
[  LOG  ] Hashing path: resources/app/extensions/typescript-language-features/resources/walkthroughs/learn-more.svg
[  LOG  ] Hashing path: resources/app/extensions/typescript-language-features/schemas/package.schema.json
[  LOG  ] Hashing path: resources/app/extensions/typescript-language-features/schemas/tsconfig.schema.json
[  LOG  ] Hashing path: resources/app/extensions/typescript-language-features/schemas/jsconfig.schema.json
[  LOG  ] Hashing path: resources/app/extensions/vb/language-configuration.json
[  LOG  ] Hashing path: resources/app/extensions/vb/package.json
[  LOG  ] Hashing path: resources/app/extensions/vb/package.nls.json
[  LOG  ] Hashing path: resources/app/extensions/vb/snippets/vb.code-snippets
[  LOG  ] Hashing path: resources/app/extensions/vb/syntaxes/asp-vb-net.tmLanguage.json
[  LOG  ] Hashing path: resources/app/extensions/xml/package.json
[  LOG  ] Hashing path: resources/app/extensions/xml/package.nls.json
[  LOG  ] Hashing path: resources/app/extensions/xml/syntaxes/xml.tmLanguage.json
[  LOG  ] Hashing path: resources/app/extensions/xml/syntaxes/xsl.tmLanguage.json
[  LOG  ] Hashing path: resources/app/extensions/xml/xml.language-configuration.json
[  LOG  ] Hashing path: resources/app/extensions/xml/xsl.language-configuration.json
[  LOG  ] Hashing path: resources/app/extensions/yaml/package.json
[  LOG  ] Hashing path: resources/app/extensions/yaml/package.nls.json
[  LOG  ] Hashing path: resources/app/extensions/yaml/syntaxes/yaml-1.0.tmLanguage.json
[  LOG  ] Hashing path: resources/app/extensions/yaml/language-configuration.json
[  LOG  ] Hashing path: resources/app/extensions/yaml/syntaxes/yaml-1.1.tmLanguage.json
[  LOG  ] Hashing path: resources/app/extensions/yaml/syntaxes/yaml-1.2.tmLanguage.json
[  LOG  ] Hashing path: resources/app/extensions/yaml/syntaxes/yaml-1.3.tmLanguage.json
[  LOG  ] Hashing path: resources/app/extensions/yaml/syntaxes/yaml-embedded.tmLanguage.json
[  LOG  ] Hashing path: resources/app/licenses/LICENSE-bul.rtf
[  LOG  ] Hashing path: resources/app/licenses/LICENSE-chs.rtf
[  LOG  ] Hashing path: resources/app/extensions/yaml/syntaxes/yaml.tmLanguage.json
[  LOG  ] Hashing path: resources/app/licenses/LICENSE-cht.rtf
[  LOG  ] Hashing path: resources/app/licenses/LICENSE-deu.rtf
[  LOG  ] Hashing path: resources/app/licenses/LICENSE-esp.rtf
[  LOG  ] Hashing path: resources/app/licenses/LICENSE-hun.rtf
[  LOG  ] Hashing path: resources/app/licenses/LICENSE-fra.rtf
[  LOG  ] Hashing path: resources/app/licenses/LICENSE-ita.rtf
[  LOG  ] Hashing path: resources/app/licenses/LICENSE-jpn.rtf
[  LOG  ] Hashing path: resources/app/licenses/LICENSE-kor.rtf
[  LOG  ] Hashing path: resources/app/licenses/LICENSE-ptb.rtf
[  LOG  ] Hashing path: resources/app/licenses/LICENSE-rus.rtf
[  LOG  ] Hashing path: resources/app/licenses/LICENSE-trk.rtf
[  LOG  ] Hashing path: resources/app/node_modules.asar
[  LOG  ] Hashing path: resources/app/node_modules.asar.unpacked/@devcontainers/cli/LICENSE.txt
[  LOG  ] Hashing path: resources/app/node_modules.asar.unpacked/@devcontainers/cli/ThirdPartyNotices.txt
[  LOG  ] Hashing path: resources/app/node_modules.asar.unpacked/@devcontainers/cli/devcontainer.js
[  LOG  ] Hashing path: resources/app/node_modules.asar.unpacked/@devcontainers/cli/dist/spec-node/devContainersSpecCLI.js
[  LOG  ] Hashing path: resources/app/node_modules.asar.unpacked/@devcontainers/cli/package.json
[  LOG  ] Hashing path: resources/app/node_modules.asar.unpacked/@devcontainers/cli/scripts/updateUID.Dockerfile
[  LOG  ] Hashing path: resources/app/node_modules.asar.unpacked/@github/copilot-sdk-linux-x64/animations/app-install-nudge.json.gz
[  LOG  ] Hashing path: resources/app/node_modules.asar.unpacked/@github/copilot-sdk-linux-x64/animations/banner.json.gz
[  LOG  ] Hashing path: resources/app/node_modules.asar.unpacked/@github/copilot-sdk-linux-x64/copilot-sdk/canvas.d.ts
[  LOG  ] Hashing path: resources/app/node_modules.asar.unpacked/@github/copilot-sdk-linux-x64/copilot-sdk/cliVersion.d.ts
[  LOG  ] Hashing path: resources/app/node_modules.asar.unpacked/@github/copilot-sdk-linux-x64/copilot-sdk/client.d.ts
[  LOG  ] Hashing path: resources/app/node_modules.asar.unpacked/@github/copilot-sdk-linux-x64/copilot-sdk/copilotRequestHandler.d.ts
[  LOG  ] Hashing path: resources/app/node_modules.asar.unpacked/@github/copilot-sdk-linux-x64/copilot-sdk/docs/agent-author.md
[  LOG  ] Hashing path: resources/app/node_modules.asar.unpacked/@github/copilot-sdk-linux-x64/copilot-sdk/docs/examples.md
[  LOG  ] Hashing path: resources/app/node_modules.asar.unpacked/@github/copilot-sdk-linux-x64/copilot-sdk/docs/extensions.md
[  LOG  ] Hashing path: resources/app/node_modules.asar.unpacked/@github/copilot-sdk-linux-x64/copilot-sdk/docs/factory-patterns.md
[  LOG  ] Hashing path: resources/app/node_modules.asar.unpacked/@github/copilot-sdk-linux-x64/copilot-sdk/docs/factories.md
[  LOG  ] Hashing path: resources/app/node_modules.asar.unpacked/@github/copilot-sdk-linux-x64/copilot-sdk/extension.d.ts
[  LOG  ] Hashing path: resources/app/node_modules.asar.unpacked/@github/copilot-sdk-linux-x64/copilot-sdk/extension.js
[  LOG  ] Hashing path: resources/app/node_modules.asar.unpacked/@github/copilot-sdk-linux-x64/copilot-sdk/factory.d.ts
[  LOG  ] Hashing path: resources/app/node_modules.asar.unpacked/@github/copilot-sdk-linux-x64/copilot-sdk/ffiRuntimeHost.d.ts
[  LOG  ] Hashing path: resources/app/node_modules.asar.unpacked/@github/copilot-sdk-linux-x64/copilot-sdk/generated/rpc.d.ts
[  LOG  ] Hashing path: resources/app/node_modules.asar.unpacked/@github/copilot-sdk-linux-x64/copilot-sdk/generated/session-events.d.ts
[  LOG  ] Hashing path: resources/app/node_modules.asar.unpacked/@github/copilot-sdk-linux-x64/copilot-sdk/index.d.ts
[  LOG  ] Hashing path: resources/app/node_modules.asar.unpacked/@github/copilot-sdk-linux-x64/copilot-sdk/index.js
[  LOG  ] Hashing path: resources/app/node_modules.asar.unpacked/@github/copilot-sdk-linux-x64/copilot-sdk/runtimeArtifacts.d.ts
[  LOG  ] Hashing path: resources/app/node_modules.asar.unpacked/@github/copilot-sdk-linux-x64/copilot-sdk/sdkProtocolVersion.d.ts
[  LOG  ] Hashing path: resources/app/node_modules.asar.unpacked/@github/copilot-sdk-linux-x64/copilot-sdk/session.d.ts
[  LOG  ] Hashing path: resources/app/node_modules.asar.unpacked/@github/copilot-sdk-linux-x64/copilot-sdk/sessionFsProvider.d.ts
[  LOG  ] Hashing path: resources/app/node_modules.asar.unpacked/@github/copilot-sdk-linux-x64/copilot-sdk/telemetry.d.ts
[  LOG  ] Hashing path: resources/app/node_modules.asar.unpacked/@github/copilot-sdk-linux-x64/copilot-sdk/toolSet.d.ts
[  LOG  ] Hashing path: resources/app/node_modules.asar.unpacked/@github/copilot-sdk-linux-x64/definitions/code-review.agent.yaml
[  LOG  ] Hashing path: resources/app/node_modules.asar.unpacked/@github/copilot-sdk-linux-x64/definitions/explore.agent.yaml
[  LOG  ] Hashing path: resources/app/node_modules.asar.unpacked/@github/copilot-sdk-linux-x64/definitions/rem-agent.agent.yaml
[  LOG  ] Hashing path: resources/app/node_modules.asar.unpacked/@github/copilot-sdk-linux-x64/definitions/research.agent.yaml
[  LOG  ] Hashing path: resources/app/node_modules.asar.unpacked/@github/copilot-sdk-linux-x64/definitions/security-review.agent.yaml
[  LOG  ] Hashing path: resources/app/node_modules.asar.unpacked/@github/copilot-sdk-linux-x64/definitions/rubber-duck.agent.yaml
[  LOG  ] Hashing path: resources/app/node_modules.asar.unpacked/@github/copilot-sdk-linux-x64/definitions/sidekick/cloud-session-search.yaml
[  LOG  ] Hashing path: resources/app/node_modules.asar.unpacked/@github/copilot-sdk-linux-x64/definitions/sidekick/github-context-memory.yaml
[  LOG  ] Hashing path: resources/app/node_modules.asar.unpacked/@github/copilot-sdk-linux-x64/definitions/sidekick/session-search.yaml
[  LOG  ] Hashing path: resources/app/node_modules.asar.unpacked/@github/copilot-sdk-linux-x64/definitions/sidekick/subconscious-agent.yaml
[  LOG  ] Hashing path: resources/app/node_modules.asar.unpacked/@github/copilot-sdk-linux-x64/copilot-sdk/types.d.ts
[  LOG  ] Hashing path: resources/app/node_modules.asar.unpacked/@github/copilot-sdk-linux-x64/definitions/sidekick/test-sidekick-context-changed.yaml
[  LOG  ] Hashing path: resources/app/node_modules.asar.unpacked/@github/copilot-sdk-linux-x64/definitions/sidekick/github-context.yaml
[  LOG  ] Hashing path: resources/app/node_modules.asar.unpacked/@github/copilot-sdk-linux-x64/definitions/sidekick/test-sidekick-persistent.yaml
[  LOG  ] Hashing path: resources/app/node_modules.asar.unpacked/@github/copilot-sdk-linux-x64/definitions/sidekick/test-sidekick-restart.yaml
[  LOG  ] Hashing path: resources/app/node_modules.asar.unpacked/@github/copilot-sdk-linux-x64/definitions/sidekick/test-sidekick-trigger-once.yaml
[  LOG  ] Hashing path: resources/app/node_modules.asar.unpacked/@github/copilot-sdk-linux-x64/definitions/task.agent.yaml
[  LOG  ] Hashing path: resources/app/node_modules.asar.unpacked/@github/copilot-sdk-linux-x64/prebuilds/linux-x64/copilot-runtime
[  LOG  ] Hashing path: resources/app/node_modules.asar.unpacked/@github/copilot-sdk-linux-x64/prebuilds/linux-x64/runtime.node
[  LOG  ] Hashing path: resources/app/node_modules.asar.unpacked/@github/copilot-sdk-linux-x64/package.json
[  LOG  ] Hashing path: resources/app/node_modules.asar.unpacked/@github/copilot-sdk-linux-x64/preloads/extension_bootstrap.mjs
[  LOG  ] Hashing path: resources/app/node_modules.asar.unpacked/@github/copilot-sdk-linux-x64/preloads/extension_sdk_resolver.mjs
[  LOG  ] Hashing path: resources/app/node_modules.asar.unpacked/@github/copilot-sdk-linux-x64/ripgrep/bin/linux-x64/rg
[  LOG  ] Hashing path: resources/app/node_modules.asar.unpacked/@github/copilot-sdk-linux-x64/schemas/api.schema.json
[  LOG  ] Hashing path: resources/app/node_modules.asar.unpacked/@github/copilot-sdk-linux-x64/schemas/session-events.schema.json
[  LOG  ] Hashing path: resources/app/node_modules.asar.unpacked/@github/copilot-sdk-linux-x64/sdk/index.js
[  LOG  ] Hashing path: resources/app/node_modules.asar.unpacked/@github/copilot-sdk-linux-x64/tgrep/bin/linux-x64/tgrep
[  LOG  ] Hashing path: resources/app/node_modules.asar.unpacked/@microsoft/mxc-sdk/bin/x64/lxc-exec
[  LOG  ] Hashing path: resources/app/node_modules.asar.unpacked/@microsoft/mxc-sdk/bin/x64/mxc-diagnostic-console.exe
[  LOG  ] Hashing path: resources/app/node_modules.asar.unpacked/@microsoft/mxc-sdk/bin/x64/plm.exe
[  LOG  ] Hashing path: resources/app/node_modules.asar.unpacked/@microsoft/mxc-sdk/bin/x64/unix-test-proxy
[  LOG  ] Hashing path: resources/app/node_modules.asar.unpacked/@microsoft/mxc-sdk/bin/x64/winhttp-proxy-shim.exe
[  LOG  ] Hashing path: resources/app/node_modules.asar.unpacked/@microsoft/mxc-sdk/bin/x64/wslcsdk.dll
[  LOG  ] Hashing path: resources/app/node_modules.asar.unpacked/@microsoft/mxc-sdk/bin/x64/wxc-exec.exe
[  LOG  ] Hashing path: resources/app/node_modules.asar.unpacked/@microsoft/mxc-sdk/bin/x64/wxc-host-prep.exe
[  LOG  ] Hashing path: resources/app/node_modules.asar.unpacked/@microsoft/mxc-sdk/bin/x64/wxc-test-proxy.exe
[  LOG  ] Hashing path: resources/app/node_modules.asar.unpacked/@microsoft/mxc-sdk/bin/x64/wxc-windows-sandbox-daemon.exe
[  LOG  ] Hashing path: resources/app/node_modules.asar.unpacked/@microsoft/mxc-sdk/bin/x64/wxc-windows-sandbox-guest.exe
[  LOG  ] Hashing path: resources/app/node_modules.asar.unpacked/@microsoft/mxc-sdk/bin/x64/wxc-wslc-daemon.exe
[  LOG  ] Hashing path: resources/app/node_modules.asar.unpacked/@parcel/watcher/build/Release/watcher.node
[  LOG  ] Hashing path: resources/app/node_modules.asar.unpacked/@vscode/deviceid/build/Release/windows.node
[  LOG  ] Hashing path: resources/app/node_modules.asar.unpacked/@vscode/diff/dist/diff_wasm_bg-c6YkaZRL.wasm
[  LOG  ] Hashing path: resources/app/node_modules.asar.unpacked/@vscode/native-watchdog/build/Release/watchdog.node
[  LOG  ] Hashing path: resources/app/node_modules.asar.unpacked/@vscode/os-proxy-resolver-linux-x64-gnu/os_proxy_resolver.node
[  LOG  ] Hashing path: resources/app/node_modules.asar.unpacked/@vscode/policy-watcher/build/Release/vscode-policy-watcher.node
[  LOG  ] Hashing path: resources/app/node_modules.asar.unpacked/@vscode/ripgrep-universal/bin/linux-x64/rg
[  LOG  ] Hashing path: resources/app/node_modules.asar.unpacked/@vscode/spdlog/build/Release/spdlog.node
[  LOG  ] Hashing path: resources/app/node_modules.asar.unpacked/@vscode/sqlite3/build/Release/vscode-sqlite3.node
[  LOG  ] Hashing path: resources/app/node_modules.asar.unpacked/@vscode/tree-sitter-wasm/wasm/tree-sitter-bash.wasm
[  LOG  ] Hashing path: resources/app/node_modules.asar.unpacked/@vscode/tree-sitter-wasm/wasm/tree-sitter-css.wasm
[  LOG  ] Hashing path: resources/app/node_modules.asar.unpacked/@vscode/tree-sitter-wasm/wasm/tree-sitter-ini.wasm
[  LOG  ] Hashing path: resources/app/node_modules.asar.unpacked/@vscode/tree-sitter-wasm/wasm/tree-sitter-powershell.wasm
[  LOG  ] Hashing path: resources/app/node_modules.asar.unpacked/@vscode/tree-sitter-wasm/wasm/tree-sitter-regex.wasm
[  LOG  ] Hashing path: resources/app/node_modules.asar.unpacked/@vscode/tree-sitter-wasm/wasm/tree-sitter-typescript.wasm
[  LOG  ] Hashing path: resources/app/node_modules.asar.unpacked/@vscode/tree-sitter-wasm/wasm/tree-sitter.wasm
[  LOG  ] Hashing path: resources/app/node_modules.asar.unpacked/@vscode/vsce-sign/bin/vsce-sign
[  LOG  ] Hashing path: resources/app/node_modules.asar.unpacked/kerberos/build/Release/kerberos.node
[  LOG  ] Hashing path: resources/app/node_modules.asar.unpacked/kerberos/build/Release/obj.target/kerberos.node
[  LOG  ] Hashing path: resources/app/node_modules.asar.unpacked/native-is-elevated/build/Release/iselevated.node
[  LOG  ] Hashing path: resources/app/node_modules.asar.unpacked/native-keymap/build/Release/keymapping.node
[  LOG  ] Hashing path: resources/app/node_modules.asar.unpacked/node-pty/build/Release/pty.node
[  LOG  ] Hashing path: resources/app/node_modules.asar.unpacked/node-pty/lib/shared/conout.js
[  LOG  ] Hashing path: resources/app/node_modules.asar.unpacked/node-pty/lib/worker/conoutSocketWorker.js
[  LOG  ] Hashing path: resources/app/node_modules.asar.unpacked/node-pty/package.json
[  LOG  ] Hashing path: resources/app/node_modules.asar.unpacked/vscode-oniguruma/release/onig.wasm
[  LOG  ] Hashing path: resources/app/node_modules.asar.unpacked/vsda/build/Release/vsda.node
[  LOG  ] Hashing path: resources/app/node_modules.asar.unpacked/vsda/rust/web/vsda_bg.wasm
[  LOG  ] Hashing path: resources/app/node_modules.asar.unpacked/windows-foreground-love/build/Release/foreground_love.node
[  LOG  ] Hashing path: resources/app/node_modules.asar.unpacked/windows-foreground-love/build/Release/obj.target/foreground_love.node
[  LOG  ] Hashing path: resources/app/node_modules/@pondwader/socks5-server/LICENSE
[  LOG  ] Hashing path: resources/app/node_modules/@pondwader/socks5-server/dist/index.d.mts
[  LOG  ] Hashing path: resources/app/node_modules/@pondwader/socks5-server/dist/index.js
[  LOG  ] Hashing path: resources/app/node_modules/@pondwader/socks5-server/dist/index.mjs
[  LOG  ] Hashing path: resources/app/node_modules/@pondwader/socks5-server/package.json
[  LOG  ] Hashing path: resources/app/node_modules/@vscode/sandbox-runtime/LICENSE
[  LOG  ] Hashing path: resources/app/node_modules/@vscode/sandbox-runtime/dist/cli.d.ts.map
[  LOG  ] Hashing path: resources/app/node_modules/@vscode/sandbox-runtime/dist/cli.js
[  LOG  ] Hashing path: resources/app/node_modules/@vscode/sandbox-runtime/dist/index.d.ts.map
[  LOG  ] Hashing path: resources/app/node_modules/@vscode/sandbox-runtime/dist/index.js
[  LOG  ] Hashing path: resources/app/node_modules/@vscode/sandbox-runtime/dist/sandbox/generate-seccomp-filter.d.ts.map
[  LOG  ] Hashing path: resources/app/node_modules/@vscode/sandbox-runtime/dist/sandbox/generate-seccomp-filter.js
[  LOG  ] Hashing path: resources/app/node_modules/@vscode/sandbox-runtime/dist/sandbox/http-proxy.d.ts.map
[  LOG  ] Hashing path: resources/app/node_modules/@vscode/sandbox-runtime/dist/sandbox/http-proxy.js
[  LOG  ] Hashing path: resources/app/node_modules/@vscode/sandbox-runtime/dist/sandbox/linux-sandbox-utils.d.ts.map
[  LOG  ] Hashing path: resources/app/node_modules/@vscode/sandbox-runtime/dist/sandbox/linux-sandbox-utils.js
[  LOG  ] Hashing path: resources/app/node_modules/@vscode/sandbox-runtime/dist/sandbox/macos-sandbox-utils.d.ts.map
[  LOG  ] Hashing path: resources/app/node_modules/@vscode/sandbox-runtime/dist/sandbox/macos-sandbox-utils.js
[  LOG  ] Hashing path: resources/app/node_modules/@vscode/sandbox-runtime/dist/sandbox/parent-proxy.d.ts.map
[  LOG  ] Hashing path: resources/app/node_modules/@vscode/sandbox-runtime/dist/sandbox/parent-proxy.js
[  LOG  ] Hashing path: resources/app/node_modules/@vscode/sandbox-runtime/dist/sandbox/sandbox-config.d.ts.map
[  LOG  ] Hashing path: resources/app/node_modules/@vscode/sandbox-runtime/dist/sandbox/sandbox-config.js
[  LOG  ] Hashing path: resources/app/node_modules/@vscode/sandbox-runtime/dist/sandbox/sandbox-manager.d.ts.map
[  LOG  ] Hashing path: resources/app/node_modules/@vscode/sandbox-runtime/dist/sandbox/sandbox-manager.js
[  LOG  ] Hashing path: resources/app/node_modules/@vscode/sandbox-runtime/dist/sandbox/sandbox-schemas.d.ts.map
[  LOG  ] Hashing path: resources/app/node_modules/@vscode/sandbox-runtime/dist/sandbox/sandbox-schemas.js
[  LOG  ] Hashing path: resources/app/node_modules/@vscode/sandbox-runtime/dist/sandbox/sandbox-utils.d.ts.map
[  LOG  ] Hashing path: resources/app/node_modules/@vscode/sandbox-runtime/dist/sandbox/sandbox-utils.js
[  LOG  ] Hashing path: resources/app/node_modules/@vscode/sandbox-runtime/dist/sandbox/sandbox-violation-store.d.ts.map
[  LOG  ] Hashing path: resources/app/node_modules/@vscode/sandbox-runtime/dist/sandbox/sandbox-violation-store.js
[  LOG  ] Hashing path: resources/app/node_modules/@vscode/sandbox-runtime/dist/sandbox/socks-proxy.d.ts.map
[  LOG  ] Hashing path: resources/app/node_modules/@vscode/sandbox-runtime/dist/sandbox/socks-proxy.js
[  LOG  ] Hashing path: resources/app/node_modules/@vscode/sandbox-runtime/dist/utils/config-loader.d.ts.map
[  LOG  ] Hashing path: resources/app/node_modules/@vscode/sandbox-runtime/dist/utils/config-loader.js
[  LOG  ] Hashing path: resources/app/node_modules/@vscode/sandbox-runtime/dist/utils/debug.d.ts.map
[  LOG  ] Hashing path: resources/app/node_modules/@vscode/sandbox-runtime/dist/utils/debug.js
[  LOG  ] Hashing path: resources/app/node_modules/@vscode/sandbox-runtime/dist/utils/platform.d.ts.map
[  LOG  ] Hashing path: resources/app/node_modules/@vscode/sandbox-runtime/dist/utils/platform.js
[  LOG  ] Hashing path: resources/app/node_modules/@vscode/sandbox-runtime/dist/utils/ripgrep.d.ts.map
[  LOG  ] Hashing path: resources/app/node_modules/@vscode/sandbox-runtime/dist/utils/ripgrep.js
[  LOG  ] Hashing path: resources/app/node_modules/@vscode/sandbox-runtime/dist/utils/which.d.ts.map
[  LOG  ] Hashing path: resources/app/node_modules/@vscode/sandbox-runtime/dist/utils/which.js
[  LOG  ] Hashing path: resources/app/node_modules/@vscode/sandbox-runtime/node_modules/commander/LICENSE
[  LOG  ] Hashing path: resources/app/node_modules/@vscode/sandbox-runtime/node_modules/commander/Readme.md
[  LOG  ] Hashing path: resources/app/node_modules/@vscode/sandbox-runtime/node_modules/commander/esm.mjs
[  LOG  ] Hashing path: resources/app/node_modules/@vscode/sandbox-runtime/node_modules/commander/index.js
[  LOG  ] Hashing path: resources/app/node_modules/@vscode/sandbox-runtime/node_modules/commander/lib/argument.js
[  LOG  ] Hashing path: resources/app/node_modules/@vscode/sandbox-runtime/node_modules/commander/lib/command.js
[  LOG  ] Hashing path: resources/app/node_modules/@vscode/sandbox-runtime/node_modules/commander/lib/error.js
[  LOG  ] Hashing path: resources/app/node_modules/@vscode/sandbox-runtime/node_modules/commander/lib/help.js
[  LOG  ] Hashing path: resources/app/node_modules/@vscode/sandbox-runtime/node_modules/commander/lib/option.js
[  LOG  ] Hashing path: resources/app/node_modules/@vscode/sandbox-runtime/node_modules/commander/lib/suggestSimilar.js
[  LOG  ] Hashing path: resources/app/node_modules/@vscode/sandbox-runtime/node_modules/commander/package-support.json
[  LOG  ] Hashing path: resources/app/node_modules/@vscode/sandbox-runtime/node_modules/commander/package.json
[  LOG  ] Hashing path: resources/app/node_modules/@vscode/sandbox-runtime/node_modules/commander/typings/esm.d.mts
[  LOG  ] Hashing path: resources/app/node_modules/@vscode/sandbox-runtime/node_modules/zod/LICENSE
[  LOG  ] Hashing path: resources/app/node_modules/@vscode/sandbox-runtime/node_modules/zod/index.cjs
[  LOG  ] Hashing path: resources/app/node_modules/@vscode/sandbox-runtime/node_modules/zod/index.d.cts
[  LOG  ] Hashing path: resources/app/node_modules/@vscode/sandbox-runtime/node_modules/zod/index.js
[  LOG  ] Hashing path: resources/app/node_modules/@vscode/sandbox-runtime/node_modules/zod/package.json
[  LOG  ] Hashing path: resources/app/node_modules/@vscode/sandbox-runtime/node_modules/zod/v3/ZodError.cjs
[  LOG  ] Hashing path: resources/app/node_modules/@vscode/sandbox-runtime/node_modules/zod/v3/ZodError.d.cts
[  LOG  ] Hashing path: resources/app/node_modules/@vscode/sandbox-runtime/node_modules/zod/v3/ZodError.js
[  LOG  ] Hashing path: resources/app/node_modules/@vscode/sandbox-runtime/node_modules/zod/v3/errors.cjs
[  LOG  ] Hashing path: resources/app/node_modules/@vscode/sandbox-runtime/node_modules/zod/v3/errors.d.cts
[  LOG  ] Hashing path: resources/app/node_modules/@vscode/sandbox-runtime/node_modules/zod/v3/errors.js
[  LOG  ] Hashing path: resources/app/node_modules/@vscode/sandbox-runtime/node_modules/zod/v3/external.cjs
[  LOG  ] Hashing path: resources/app/node_modules/@vscode/sandbox-runtime/node_modules/zod/v3/external.d.cts
[  LOG  ] Hashing path: resources/app/node_modules/@vscode/sandbox-runtime/node_modules/zod/v3/external.js
[  LOG  ] Hashing path: resources/app/node_modules/@vscode/sandbox-runtime/node_modules/zod/v3/helpers/enumUtil.cjs
[  LOG  ] Hashing path: resources/app/node_modules/@vscode/sandbox-runtime/node_modules/zod/v3/helpers/enumUtil.d.cts
[  LOG  ] Hashing path: resources/app/node_modules/@vscode/sandbox-runtime/node_modules/zod/v3/helpers/enumUtil.js
[  LOG  ] Hashing path: resources/app/node_modules/@vscode/sandbox-runtime/node_modules/zod/v3/helpers/errorUtil.cjs
[  LOG  ] Hashing path: resources/app/node_modules/@vscode/sandbox-runtime/node_modules/zod/v3/helpers/errorUtil.d.cts
[  LOG  ] Hashing path: resources/app/node_modules/@vscode/sandbox-runtime/node_modules/zod/v3/helpers/errorUtil.js
[  LOG  ] Hashing path: resources/app/node_modules/@vscode/sandbox-runtime/node_modules/zod/v3/helpers/parseUtil.cjs
[  LOG  ] Hashing path: resources/app/node_modules/@vscode/sandbox-runtime/node_modules/zod/v3/helpers/parseUtil.d.cts
[  LOG  ] Hashing path: resources/app/node_modules/@vscode/sandbox-runtime/node_modules/zod/v3/helpers/parseUtil.js
[  LOG  ] Hashing path: resources/app/node_modules/@vscode/sandbox-runtime/node_modules/zod/v3/helpers/partialUtil.cjs
[  LOG  ] Hashing path: resources/app/node_modules/@vscode/sandbox-runtime/node_modules/zod/v3/helpers/partialUtil.d.cts
[  LOG  ] Hashing path: resources/app/node_modules/@vscode/sandbox-runtime/node_modules/zod/v3/helpers/partialUtil.js
[  LOG  ] Hashing path: resources/app/node_modules/@vscode/sandbox-runtime/node_modules/zod/v3/helpers/typeAliases.cjs
[  LOG  ] Hashing path: resources/app/node_modules/@vscode/sandbox-runtime/node_modules/zod/v3/helpers/typeAliases.d.cts
[  LOG  ] Hashing path: resources/app/node_modules/@vscode/sandbox-runtime/node_modules/zod/v3/helpers/typeAliases.js
[  LOG  ] Hashing path: resources/app/node_modules/@vscode/sandbox-runtime/node_modules/zod/v3/helpers/util.cjs
[  LOG  ] Hashing path: resources/app/node_modules/@vscode/sandbox-runtime/node_modules/zod/v3/helpers/util.d.cts
[  LOG  ] Hashing path: resources/app/node_modules/@vscode/sandbox-runtime/node_modules/zod/v3/helpers/util.js
[  LOG  ] Hashing path: resources/app/node_modules/@vscode/sandbox-runtime/node_modules/zod/v3/index.cjs
[  LOG  ] Hashing path: resources/app/node_modules/@vscode/sandbox-runtime/node_modules/zod/v3/index.d.cts
[  LOG  ] Hashing path: resources/app/node_modules/@vscode/sandbox-runtime/node_modules/zod/v3/index.js
[  LOG  ] Hashing path: resources/app/node_modules/@vscode/sandbox-runtime/node_modules/zod/v3/locales/en.cjs
[  LOG  ] Hashing path: resources/app/node_modules/@vscode/sandbox-runtime/node_modules/zod/v3/locales/en.d.cts
[  LOG  ] Hashing path: resources/app/node_modules/@vscode/sandbox-runtime/node_modules/zod/v3/locales/en.js
[  LOG  ] Hashing path: resources/app/node_modules/@vscode/sandbox-runtime/node_modules/zod/v3/standard-schema.cjs
[  LOG  ] Hashing path: resources/app/node_modules/@vscode/sandbox-runtime/node_modules/zod/v3/standard-schema.d.cts
[  LOG  ] Hashing path: resources/app/node_modules/@vscode/sandbox-runtime/node_modules/zod/v3/standard-schema.js
[  LOG  ] Hashing path: resources/app/node_modules/@vscode/sandbox-runtime/node_modules/zod/v3/types.cjs
[  LOG  ] Hashing path: resources/app/node_modules/@vscode/sandbox-runtime/node_modules/zod/v3/types.d.cts
[  LOG  ] Hashing path: resources/app/node_modules/@vscode/sandbox-runtime/node_modules/zod/v3/types.js
[  LOG  ] Hashing path: resources/app/node_modules/@vscode/sandbox-runtime/node_modules/zod/v4-mini/index.cjs
[  LOG  ] Hashing path: resources/app/node_modules/@vscode/sandbox-runtime/node_modules/zod/v4-mini/index.d.cts
[  LOG  ] Hashing path: resources/app/node_modules/@vscode/sandbox-runtime/node_modules/zod/v4-mini/index.js
[  LOG  ] Hashing path: resources/app/node_modules/@vscode/sandbox-runtime/node_modules/zod/v4/classic/checks.cjs
[  LOG  ] Hashing path: resources/app/node_modules/@vscode/sandbox-runtime/node_modules/zod/v4/classic/checks.d.cts
[  LOG  ] Hashing path: resources/app/node_modules/@vscode/sandbox-runtime/node_modules/zod/v4/classic/checks.js
[  LOG  ] Hashing path: resources/app/node_modules/@vscode/sandbox-runtime/node_modules/zod/v4/classic/coerce.cjs
[  LOG  ] Hashing path: resources/app/node_modules/@vscode/sandbox-runtime/node_modules/zod/v4/classic/coerce.d.cts
[  LOG  ] Hashing path: resources/app/node_modules/@vscode/sandbox-runtime/node_modules/zod/v4/classic/compat.cjs
[  LOG  ] Hashing path: resources/app/node_modules/@vscode/sandbox-runtime/node_modules/zod/v4/classic/coerce.js
[  LOG  ] Hashing path: resources/app/node_modules/@vscode/sandbox-runtime/node_modules/zod/v4/classic/compat.d.cts
[  LOG  ] Hashing path: resources/app/node_modules/@vscode/sandbox-runtime/node_modules/zod/v4/classic/compat.js
[  LOG  ] Hashing path: resources/app/node_modules/@vscode/sandbox-runtime/node_modules/zod/v4/classic/errors.cjs
[  LOG  ] Hashing path: resources/app/node_modules/@vscode/sandbox-runtime/node_modules/zod/v4/classic/errors.d.cts
[  LOG  ] Hashing path: resources/app/node_modules/@vscode/sandbox-runtime/node_modules/zod/v4/classic/errors.js
[  LOG  ] Hashing path: resources/app/node_modules/@vscode/sandbox-runtime/node_modules/zod/v4/classic/external.cjs
[  LOG  ] Hashing path: resources/app/node_modules/@vscode/sandbox-runtime/node_modules/zod/v4/classic/external.d.cts
[  LOG  ] Hashing path: resources/app/node_modules/@vscode/sandbox-runtime/node_modules/zod/v4/classic/external.js
[  LOG  ] Hashing path: resources/app/node_modules/@vscode/sandbox-runtime/node_modules/zod/v4/classic/index.d.cts
[  LOG  ] Hashing path: resources/app/node_modules/@vscode/sandbox-runtime/node_modules/zod/v4/classic/index.cjs
[  LOG  ] Hashing path: resources/app/node_modules/@vscode/sandbox-runtime/node_modules/zod/v4/classic/index.js
[  LOG  ] Hashing path: resources/app/node_modules/@vscode/sandbox-runtime/node_modules/zod/v4/classic/iso.cjs
[  LOG  ] Hashing path: resources/app/node_modules/@vscode/sandbox-runtime/node_modules/zod/v4/classic/iso.d.cts
[  LOG  ] Hashing path: resources/app/node_modules/@vscode/sandbox-runtime/node_modules/zod/v4/classic/iso.js
[  LOG  ] Hashing path: resources/app/node_modules/@vscode/sandbox-runtime/node_modules/zod/v4/classic/parse.cjs
[  LOG  ] Hashing path: resources/app/node_modules/@vscode/sandbox-runtime/node_modules/zod/v4/classic/parse.d.cts
[  LOG  ] Hashing path: resources/app/node_modules/@vscode/sandbox-runtime/node_modules/zod/v4/classic/parse.js
[  LOG  ] Hashing path: resources/app/node_modules/@vscode/sandbox-runtime/node_modules/zod/v4/classic/schemas.cjs
[  LOG  ] Hashing path: resources/app/node_modules/@vscode/sandbox-runtime/node_modules/zod/v4/classic/schemas.d.cts
[  LOG  ] Hashing path: resources/app/node_modules/@vscode/sandbox-runtime/node_modules/zod/v4/classic/schemas.js
[  LOG  ] Hashing path: resources/app/node_modules/@vscode/sandbox-runtime/node_modules/zod/v4/core/api.cjs
[  LOG  ] Hashing path: resources/app/node_modules/@vscode/sandbox-runtime/node_modules/zod/v4/core/api.d.cts
[  LOG  ] Hashing path: resources/app/node_modules/@vscode/sandbox-runtime/node_modules/zod/v4/core/api.js
[  LOG  ] Hashing path: resources/app/node_modules/@vscode/sandbox-runtime/node_modules/zod/v4/core/checks.cjs
[  LOG  ] Hashing path: resources/app/node_modules/@vscode/sandbox-runtime/node_modules/zod/v4/core/checks.d.cts
[  LOG  ] Hashing path: resources/app/node_modules/@vscode/sandbox-runtime/node_modules/zod/v4/core/checks.js
[  LOG  ] Hashing path: resources/app/node_modules/@vscode/sandbox-runtime/node_modules/zod/v4/core/core.cjs
[  LOG  ] Hashing path: resources/app/node_modules/@vscode/sandbox-runtime/node_modules/zod/v4/core/core.d.cts
[  LOG  ] Hashing path: resources/app/node_modules/@vscode/sandbox-runtime/node_modules/zod/v4/core/core.js
[  LOG  ] Hashing path: resources/app/node_modules/@vscode/sandbox-runtime/node_modules/zod/v4/core/doc.cjs
[  LOG  ] Hashing path: resources/app/node_modules/@vscode/sandbox-runtime/node_modules/zod/v4/core/doc.d.cts
[  LOG  ] Hashing path: resources/app/node_modules/@vscode/sandbox-runtime/node_modules/zod/v4/core/doc.js
[  LOG  ] Hashing path: resources/app/node_modules/@vscode/sandbox-runtime/node_modules/zod/v4/core/errors.cjs
[  LOG  ] Hashing path: resources/app/node_modules/@vscode/sandbox-runtime/node_modules/zod/v4/core/errors.d.cts
[  LOG  ] Hashing path: resources/app/node_modules/@vscode/sandbox-runtime/node_modules/zod/v4/core/errors.js
[  LOG  ] Hashing path: resources/app/node_modules/@vscode/sandbox-runtime/node_modules/zod/v4/core/function.cjs
[  LOG  ] Hashing path: resources/app/node_modules/@vscode/sandbox-runtime/node_modules/zod/v4/core/function.d.cts
[  LOG  ] Hashing path: resources/app/node_modules/@vscode/sandbox-runtime/node_modules/zod/v4/core/function.js
[  LOG  ] Hashing path: resources/app/node_modules/@vscode/sandbox-runtime/node_modules/zod/v4/core/index.cjs
[  LOG  ] Hashing path: resources/app/node_modules/@vscode/sandbox-runtime/node_modules/zod/v4/core/index.d.cts
[  LOG  ] Hashing path: resources/app/node_modules/@vscode/sandbox-runtime/node_modules/zod/v4/core/index.js
[  LOG  ] Hashing path: resources/app/node_modules/@vscode/sandbox-runtime/node_modules/zod/v4/core/json-schema.cjs
[  LOG  ] Hashing path: resources/app/node_modules/@vscode/sandbox-runtime/node_modules/zod/v4/core/json-schema.d.cts
[  LOG  ] Hashing path: resources/app/node_modules/@vscode/sandbox-runtime/node_modules/zod/v4/core/json-schema.js
[  LOG  ] Hashing path: resources/app/node_modules/@vscode/sandbox-runtime/node_modules/zod/v4/core/parse.cjs
[  LOG  ] Hashing path: resources/app/node_modules/@vscode/sandbox-runtime/node_modules/zod/v4/core/parse.d.cts
[  LOG  ] Hashing path: resources/app/node_modules/@vscode/sandbox-runtime/node_modules/zod/v4/core/parse.js
[  LOG  ] Hashing path: resources/app/node_modules/@vscode/sandbox-runtime/node_modules/zod/v4/core/regexes.cjs
[  LOG  ] Hashing path: resources/app/node_modules/@vscode/sandbox-runtime/node_modules/zod/v4/core/regexes.d.cts
[  LOG  ] Hashing path: resources/app/node_modules/@vscode/sandbox-runtime/node_modules/zod/v4/core/regexes.js
[  LOG  ] Hashing path: resources/app/node_modules/@vscode/sandbox-runtime/node_modules/zod/v4/core/registries.cjs
[  LOG  ] Hashing path: resources/app/node_modules/@vscode/sandbox-runtime/node_modules/zod/v4/core/registries.d.cts
[  LOG  ] Hashing path: resources/app/node_modules/@vscode/sandbox-runtime/node_modules/zod/v4/core/registries.js
[  LOG  ] Hashing path: resources/app/node_modules/@vscode/sandbox-runtime/node_modules/zod/v4/core/schemas.cjs
[  LOG  ] Hashing path: resources/app/node_modules/@vscode/sandbox-runtime/node_modules/zod/v4/core/schemas.d.cts
[  LOG  ] Hashing path: resources/app/node_modules/@vscode/sandbox-runtime/node_modules/zod/v4/core/schemas.js
[  LOG  ] Hashing path: resources/app/node_modules/@vscode/sandbox-runtime/node_modules/zod/v4/core/standard-schema.cjs
[  LOG  ] Hashing path: resources/app/node_modules/@vscode/sandbox-runtime/node_modules/zod/v4/core/standard-schema.d.cts
[  LOG  ] Hashing path: resources/app/node_modules/@vscode/sandbox-runtime/node_modules/zod/v4/core/standard-schema.js
[  LOG  ] Hashing path: resources/app/node_modules/@vscode/sandbox-runtime/node_modules/zod/v4/core/to-json-schema.cjs
[  LOG  ] Hashing path: resources/app/node_modules/@vscode/sandbox-runtime/node_modules/zod/v4/core/to-json-schema.d.cts
[  LOG  ] Hashing path: resources/app/node_modules/@vscode/sandbox-runtime/node_modules/zod/v4/core/to-json-schema.js
[  LOG  ] Hashing path: resources/app/node_modules/@vscode/sandbox-runtime/node_modules/zod/v4/core/util.cjs
[  LOG  ] Hashing path: resources/app/node_modules/@vscode/sandbox-runtime/node_modules/zod/v4/core/util.d.cts
[  LOG  ] Hashing path: resources/app/node_modules/@vscode/sandbox-runtime/node_modules/zod/v4/core/util.js
[  LOG  ] Hashing path: resources/app/node_modules/@vscode/sandbox-runtime/node_modules/zod/v4/core/versions.cjs
[  LOG  ] Hashing path: resources/app/node_modules/@vscode/sandbox-runtime/node_modules/zod/v4/core/versions.d.cts
[  LOG  ] Hashing path: resources/app/node_modules/@vscode/sandbox-runtime/node_modules/zod/v4/core/versions.js
[  LOG  ] Hashing path: resources/app/node_modules/@vscode/sandbox-runtime/node_modules/zod/v4/index.cjs
[  LOG  ] Hashing path: resources/app/node_modules/@vscode/sandbox-runtime/node_modules/zod/v4/index.d.cts
[  LOG  ] Hashing path: resources/app/node_modules/@vscode/sandbox-runtime/node_modules/zod/v4/index.js
[  LOG  ] Hashing path: resources/app/node_modules/@vscode/sandbox-runtime/node_modules/zod/v4/locales/ar.cjs
[  LOG  ] Hashing path: resources/app/node_modules/@vscode/sandbox-runtime/node_modules/zod/v4/locales/ar.d.cts
[  LOG  ] Hashing path: resources/app/node_modules/@vscode/sandbox-runtime/node_modules/zod/v4/locales/ar.js
[  LOG  ] Hashing path: resources/app/node_modules/@vscode/sandbox-runtime/node_modules/zod/v4/locales/az.cjs
[  LOG  ] Hashing path: resources/app/node_modules/@vscode/sandbox-runtime/node_modules/zod/v4/locales/az.d.cts
[  LOG  ] Hashing path: resources/app/node_modules/@vscode/sandbox-runtime/node_modules/zod/v4/locales/az.js
[  LOG  ] Hashing path: resources/app/node_modules/@vscode/sandbox-runtime/node_modules/zod/v4/locales/be.cjs
[  LOG  ] Hashing path: resources/app/node_modules/@vscode/sandbox-runtime/node_modules/zod/v4/locales/be.d.cts
[  LOG  ] Hashing path: resources/app/node_modules/@vscode/sandbox-runtime/node_modules/zod/v4/locales/be.js
[  LOG  ] Hashing path: resources/app/node_modules/@vscode/sandbox-runtime/node_modules/zod/v4/locales/ca.d.cts
[  LOG  ] Hashing path: resources/app/node_modules/@vscode/sandbox-runtime/node_modules/zod/v4/locales/ca.js
[  LOG  ] Hashing path: resources/app/node_modules/@vscode/sandbox-runtime/node_modules/zod/v4/locales/ca.cjs
[  LOG  ] Hashing path: resources/app/node_modules/@vscode/sandbox-runtime/node_modules/zod/v4/locales/cs.cjs
[  LOG  ] Hashing path: resources/app/node_modules/@vscode/sandbox-runtime/node_modules/zod/v4/locales/cs.d.cts
[  LOG  ] Hashing path: resources/app/node_modules/@vscode/sandbox-runtime/node_modules/zod/v4/locales/cs.js
[  LOG  ] Hashing path: resources/app/node_modules/@vscode/sandbox-runtime/node_modules/zod/v4/locales/de.d.cts
[  LOG  ] Hashing path: resources/app/node_modules/@vscode/sandbox-runtime/node_modules/zod/v4/locales/de.js
[  LOG  ] Hashing path: resources/app/node_modules/@vscode/sandbox-runtime/node_modules/zod/v4/locales/en.cjs
[  LOG  ] Hashing path: resources/app/node_modules/@vscode/sandbox-runtime/node_modules/zod/v4/locales/en.d.cts
[  LOG  ] Hashing path: resources/app/node_modules/@vscode/sandbox-runtime/node_modules/zod/v4/locales/de.cjs
[  LOG  ] Hashing path: resources/app/node_modules/@vscode/sandbox-runtime/node_modules/zod/v4/locales/en.js
[  LOG  ] Hashing path: resources/app/node_modules/@vscode/sandbox-runtime/node_modules/zod/v4/locales/eo.cjs
[  LOG  ] Hashing path: resources/app/node_modules/@vscode/sandbox-runtime/node_modules/zod/v4/locales/eo.d.cts
[  LOG  ] Hashing path: resources/app/node_modules/@vscode/sandbox-runtime/node_modules/zod/v4/locales/eo.js
[  LOG  ] Hashing path: resources/app/node_modules/@vscode/sandbox-runtime/node_modules/zod/v4/locales/es.d.cts
[  LOG  ] Hashing path: resources/app/node_modules/@vscode/sandbox-runtime/node_modules/zod/v4/locales/es.cjs
[  LOG  ] Hashing path: resources/app/node_modules/@vscode/sandbox-runtime/node_modules/zod/v4/locales/es.js
[  LOG  ] Hashing path: resources/app/node_modules/@vscode/sandbox-runtime/node_modules/zod/v4/locales/fa.cjs
[  LOG  ] Hashing path: resources/app/node_modules/@vscode/sandbox-runtime/node_modules/zod/v4/locales/fa.d.cts
[  LOG  ] Hashing path: resources/app/node_modules/@vscode/sandbox-runtime/node_modules/zod/v4/locales/fa.js
[  LOG  ] Hashing path: resources/app/node_modules/@vscode/sandbox-runtime/node_modules/zod/v4/locales/fi.cjs
[  LOG  ] Hashing path: resources/app/node_modules/@vscode/sandbox-runtime/node_modules/zod/v4/locales/fi.d.cts
[  LOG  ] Hashing path: resources/app/node_modules/@vscode/sandbox-runtime/node_modules/zod/v4/locales/fi.js
[  LOG  ] Hashing path: resources/app/node_modules/@vscode/sandbox-runtime/node_modules/zod/v4/locales/fr-CA.cjs
[  LOG  ] Hashing path: resources/app/node_modules/@vscode/sandbox-runtime/node_modules/zod/v4/locales/fr-CA.d.cts
[  LOG  ] Hashing path: resources/app/node_modules/@vscode/sandbox-runtime/node_modules/zod/v4/locales/fr-CA.js
[  LOG  ] Hashing path: resources/app/node_modules/@vscode/sandbox-runtime/node_modules/zod/v4/locales/fr.cjs
[  LOG  ] Hashing path: resources/app/node_modules/@vscode/sandbox-runtime/node_modules/zod/v4/locales/fr.d.cts
[  LOG  ] Hashing path: resources/app/node_modules/@vscode/sandbox-runtime/node_modules/zod/v4/locales/fr.js
[  LOG  ] Hashing path: resources/app/node_modules/@vscode/sandbox-runtime/node_modules/zod/v4/locales/he.cjs
[  LOG  ] Hashing path: resources/app/node_modules/@vscode/sandbox-runtime/node_modules/zod/v4/locales/he.d.cts
[  LOG  ] Hashing path: resources/app/node_modules/@vscode/sandbox-runtime/node_modules/zod/v4/locales/he.js
[  LOG  ] Hashing path: resources/app/node_modules/@vscode/sandbox-runtime/node_modules/zod/v4/locales/hu.cjs
[  LOG  ] Hashing path: resources/app/node_modules/@vscode/sandbox-runtime/node_modules/zod/v4/locales/hu.d.cts
[  LOG  ] Hashing path: resources/app/node_modules/@vscode/sandbox-runtime/node_modules/zod/v4/locales/hu.js
[  LOG  ] Hashing path: resources/app/node_modules/@vscode/sandbox-runtime/node_modules/zod/v4/locales/id.cjs
[  LOG  ] Hashing path: resources/app/node_modules/@vscode/sandbox-runtime/node_modules/zod/v4/locales/id.d.cts
[  LOG  ] Hashing path: resources/app/node_modules/@vscode/sandbox-runtime/node_modules/zod/v4/locales/id.js
[  LOG  ] Hashing path: resources/app/node_modules/@vscode/sandbox-runtime/node_modules/zod/v4/locales/index.cjs
[  LOG  ] Hashing path: resources/app/node_modules/@vscode/sandbox-runtime/node_modules/zod/v4/locales/index.d.cts
[  LOG  ] Hashing path: resources/app/node_modules/@vscode/sandbox-runtime/node_modules/zod/v4/locales/index.js
[  LOG  ] Hashing path: resources/app/node_modules/@vscode/sandbox-runtime/node_modules/zod/v4/locales/it.cjs
[  LOG  ] Hashing path: resources/app/node_modules/@vscode/sandbox-runtime/node_modules/zod/v4/locales/it.d.cts
[  LOG  ] Hashing path: resources/app/node_modules/@vscode/sandbox-runtime/node_modules/zod/v4/locales/it.js
[  LOG  ] Hashing path: resources/app/node_modules/@vscode/sandbox-runtime/node_modules/zod/v4/locales/ja.cjs
[  LOG  ] Hashing path: resources/app/node_modules/@vscode/sandbox-runtime/node_modules/zod/v4/locales/ja.d.cts
[  LOG  ] Hashing path: resources/app/node_modules/@vscode/sandbox-runtime/node_modules/zod/v4/locales/ja.js
[  LOG  ] Hashing path: resources/app/node_modules/@vscode/sandbox-runtime/node_modules/zod/v4/locales/kh.cjs
[  LOG  ] Hashing path: resources/app/node_modules/@vscode/sandbox-runtime/node_modules/zod/v4/locales/kh.d.cts
[  LOG  ] Hashing path: resources/app/node_modules/@vscode/sandbox-runtime/node_modules/zod/v4/locales/kh.js
[  LOG  ] Hashing path: resources/app/node_modules/@vscode/sandbox-runtime/node_modules/zod/v4/locales/ko.cjs
[  LOG  ] Hashing path: resources/app/node_modules/@vscode/sandbox-runtime/node_modules/zod/v4/locales/ko.d.cts
[  LOG  ] Hashing path: resources/app/node_modules/@vscode/sandbox-runtime/node_modules/zod/v4/locales/ko.js
[  LOG  ] Hashing path: resources/app/node_modules/@vscode/sandbox-runtime/node_modules/zod/v4/locales/mk.cjs
[  LOG  ] Hashing path: resources/app/node_modules/@vscode/sandbox-runtime/node_modules/zod/v4/locales/mk.d.cts
[  LOG  ] Hashing path: resources/app/node_modules/@vscode/sandbox-runtime/node_modules/zod/v4/locales/mk.js
[  LOG  ] Hashing path: resources/app/node_modules/@vscode/sandbox-runtime/node_modules/zod/v4/locales/ms.cjs
[  LOG  ] Hashing path: resources/app/node_modules/@vscode/sandbox-runtime/node_modules/zod/v4/locales/ms.d.cts
[  LOG  ] Hashing path: resources/app/node_modules/@vscode/sandbox-runtime/node_modules/zod/v4/locales/nl.cjs
[  LOG  ] Hashing path: resources/app/node_modules/@vscode/sandbox-runtime/node_modules/zod/v4/locales/ms.js
[  LOG  ] Hashing path: resources/app/node_modules/@vscode/sandbox-runtime/node_modules/zod/v4/locales/nl.d.cts
[  LOG  ] Hashing path: resources/app/node_modules/@vscode/sandbox-runtime/node_modules/zod/v4/locales/nl.js
[  LOG  ] Hashing path: resources/app/node_modules/@vscode/sandbox-runtime/node_modules/zod/v4/locales/no.cjs
[  LOG  ] Hashing path: resources/app/node_modules/@vscode/sandbox-runtime/node_modules/zod/v4/locales/no.d.cts
[  LOG  ] Hashing path: resources/app/node_modules/@vscode/sandbox-runtime/node_modules/zod/v4/locales/no.js
[  LOG  ] Hashing path: resources/app/node_modules/@vscode/sandbox-runtime/node_modules/zod/v4/locales/ota.cjs
[  LOG  ] Hashing path: resources/app/node_modules/@vscode/sandbox-runtime/node_modules/zod/v4/locales/ota.d.cts
[  LOG  ] Hashing path: resources/app/node_modules/@vscode/sandbox-runtime/node_modules/zod/v4/locales/ota.js
[  LOG  ] Hashing path: resources/app/node_modules/@vscode/sandbox-runtime/node_modules/zod/v4/locales/pl.d.cts
[  LOG  ] Hashing path: resources/app/node_modules/@vscode/sandbox-runtime/node_modules/zod/v4/locales/pl.cjs
[  LOG  ] Hashing path: resources/app/node_modules/@vscode/sandbox-runtime/node_modules/zod/v4/locales/pl.js
[  LOG  ] Hashing path: resources/app/node_modules/@vscode/sandbox-runtime/node_modules/zod/v4/locales/ps.cjs
[  LOG  ] Hashing path: resources/app/node_modules/@vscode/sandbox-runtime/node_modules/zod/v4/locales/ps.d.cts
[  LOG  ] Hashing path: resources/app/node_modules/@vscode/sandbox-runtime/node_modules/zod/v4/locales/ps.js
[  LOG  ] Hashing path: resources/app/node_modules/@vscode/sandbox-runtime/node_modules/zod/v4/locales/pt.cjs
[  LOG  ] Hashing path: resources/app/node_modules/@vscode/sandbox-runtime/node_modules/zod/v4/locales/pt.d.cts
[  LOG  ] Hashing path: resources/app/node_modules/@vscode/sandbox-runtime/node_modules/zod/v4/locales/pt.js
[  LOG  ] Hashing path: resources/app/node_modules/@vscode/sandbox-runtime/node_modules/zod/v4/locales/ru.cjs
[  LOG  ] Hashing path: resources/app/node_modules/@vscode/sandbox-runtime/node_modules/zod/v4/locales/ru.d.cts
[  LOG  ] Hashing path: resources/app/node_modules/@vscode/sandbox-runtime/node_modules/zod/v4/locales/ru.js
[  LOG  ] Hashing path: resources/app/node_modules/@vscode/sandbox-runtime/node_modules/zod/v4/locales/sl.cjs
[  LOG  ] Hashing path: resources/app/node_modules/@vscode/sandbox-runtime/node_modules/zod/v4/locales/sl.d.cts
[  LOG  ] Hashing path: resources/app/node_modules/@vscode/sandbox-runtime/node_modules/zod/v4/locales/sl.js
[  LOG  ] Hashing path: resources/app/node_modules/@vscode/sandbox-runtime/node_modules/zod/v4/locales/sv.cjs
[  LOG  ] Hashing path: resources/app/node_modules/@vscode/sandbox-runtime/node_modules/zod/v4/locales/sv.d.cts
[  LOG  ] Hashing path: resources/app/node_modules/@vscode/sandbox-runtime/node_modules/zod/v4/locales/sv.js
[  LOG  ] Hashing path: resources/app/node_modules/@vscode/sandbox-runtime/node_modules/zod/v4/locales/ta.cjs
[  LOG  ] Hashing path: resources/app/node_modules/@vscode/sandbox-runtime/node_modules/zod/v4/locales/ta.d.cts
[  LOG  ] Hashing path: resources/app/node_modules/@vscode/sandbox-runtime/node_modules/zod/v4/locales/th.cjs
[  LOG  ] Hashing path: resources/app/node_modules/@vscode/sandbox-runtime/node_modules/zod/v4/locales/ta.js
[  LOG  ] Hashing path: resources/app/node_modules/@vscode/sandbox-runtime/node_modules/zod/v4/locales/th.d.cts
[  LOG  ] Hashing path: resources/app/node_modules/@vscode/sandbox-runtime/node_modules/zod/v4/locales/th.js
[  LOG  ] Hashing path: resources/app/node_modules/@vscode/sandbox-runtime/node_modules/zod/v4/locales/tr.cjs
[  LOG  ] Hashing path: resources/app/node_modules/@vscode/sandbox-runtime/node_modules/zod/v4/locales/tr.d.cts
[  LOG  ] Hashing path: resources/app/node_modules/@vscode/sandbox-runtime/node_modules/zod/v4/locales/tr.js
[  LOG  ] Hashing path: resources/app/node_modules/@vscode/sandbox-runtime/node_modules/zod/v4/locales/ua.cjs
[  LOG  ] Hashing path: resources/app/node_modules/@vscode/sandbox-runtime/node_modules/zod/v4/locales/ua.d.cts
[  LOG  ] Hashing path: resources/app/node_modules/@vscode/sandbox-runtime/node_modules/zod/v4/locales/ua.js
[  LOG  ] Hashing path: resources/app/node_modules/@vscode/sandbox-runtime/node_modules/zod/v4/locales/ur.d.cts
[  LOG  ] Hashing path: resources/app/node_modules/@vscode/sandbox-runtime/node_modules/zod/v4/locales/ur.js
[  LOG  ] Hashing path: resources/app/node_modules/@vscode/sandbox-runtime/node_modules/zod/v4/locales/ur.cjs
[  LOG  ] Hashing path: resources/app/node_modules/@vscode/sandbox-runtime/node_modules/zod/v4/locales/vi.d.cts
[  LOG  ] Hashing path: resources/app/node_modules/@vscode/sandbox-runtime/node_modules/zod/v4/locales/vi.cjs
[  LOG  ] Hashing path: resources/app/node_modules/@vscode/sandbox-runtime/node_modules/zod/v4/locales/vi.js
[  LOG  ] Hashing path: resources/app/node_modules/@vscode/sandbox-runtime/node_modules/zod/v4/locales/zh-CN.cjs
[  LOG  ] Hashing path: resources/app/node_modules/@vscode/sandbox-runtime/node_modules/zod/v4/locales/zh-CN.d.cts
[  LOG  ] Hashing path: resources/app/node_modules/@vscode/sandbox-runtime/node_modules/zod/v4/locales/zh-CN.js
[  LOG  ] Hashing path: resources/app/node_modules/@vscode/sandbox-runtime/node_modules/zod/v4/locales/zh-TW.cjs
[  LOG  ] Hashing path: resources/app/node_modules/@vscode/sandbox-runtime/node_modules/zod/v4/locales/zh-TW.d.cts
[  LOG  ] Hashing path: resources/app/node_modules/@vscode/sandbox-runtime/node_modules/zod/v4/mini/checks.cjs
[  LOG  ] Hashing path: resources/app/node_modules/@vscode/sandbox-runtime/node_modules/zod/v4/locales/zh-TW.js
[  LOG  ] Hashing path: resources/app/node_modules/@vscode/sandbox-runtime/node_modules/zod/v4/mini/checks.d.cts
[  LOG  ] Hashing path: resources/app/node_modules/@vscode/sandbox-runtime/node_modules/zod/v4/mini/checks.js
[  LOG  ] Hashing path: resources/app/node_modules/@vscode/sandbox-runtime/node_modules/zod/v4/mini/coerce.cjs
[  LOG  ] Hashing path: resources/app/node_modules/@vscode/sandbox-runtime/node_modules/zod/v4/mini/coerce.d.cts
[  LOG  ] Hashing path: resources/app/node_modules/@vscode/sandbox-runtime/node_modules/zod/v4/mini/coerce.js
[  LOG  ] Hashing path: resources/app/node_modules/@vscode/sandbox-runtime/node_modules/zod/v4/mini/external.cjs
[  LOG  ] Hashing path: resources/app/node_modules/@vscode/sandbox-runtime/node_modules/zod/v4/mini/external.d.cts
[  LOG  ] Hashing path: resources/app/node_modules/@vscode/sandbox-runtime/node_modules/zod/v4/mini/external.js
[  LOG  ] Hashing path: resources/app/node_modules/@vscode/sandbox-runtime/node_modules/zod/v4/mini/index.cjs
[  LOG  ] Hashing path: resources/app/node_modules/@vscode/sandbox-runtime/node_modules/zod/v4/mini/index.d.cts
[  LOG  ] Hashing path: resources/app/node_modules/@vscode/sandbox-runtime/node_modules/zod/v4/mini/index.js
[  LOG  ] Hashing path: resources/app/node_modules/@vscode/sandbox-runtime/node_modules/zod/v4/mini/iso.cjs
[  LOG  ] Hashing path: resources/app/node_modules/@vscode/sandbox-runtime/node_modules/zod/v4/mini/iso.d.cts
[  LOG  ] Hashing path: resources/app/node_modules/@vscode/sandbox-runtime/node_modules/zod/v4/mini/iso.js
[  LOG  ] Hashing path: resources/app/node_modules/@vscode/sandbox-runtime/node_modules/zod/v4/mini/parse.cjs
[  LOG  ] Hashing path: resources/app/node_modules/@vscode/sandbox-runtime/node_modules/zod/v4/mini/parse.d.cts
[  LOG  ] Hashing path: resources/app/node_modules/@vscode/sandbox-runtime/node_modules/zod/v4/mini/parse.js
[  LOG  ] Hashing path: resources/app/node_modules/@vscode/sandbox-runtime/node_modules/zod/v4/mini/schemas.d.cts
[  LOG  ] Hashing path: resources/app/node_modules/@vscode/sandbox-runtime/node_modules/zod/v4/mini/schemas.cjs
[  LOG  ] Hashing path: resources/app/node_modules/@vscode/sandbox-runtime/node_modules/zod/v4/mini/schemas.js
[  LOG  ] Hashing path: resources/app/node_modules/@vscode/sandbox-runtime/package.json
[  LOG  ] Hashing path: resources/app/node_modules/@vscode/sandbox-runtime/vendor/seccomp-src/apply-seccomp.c
[  LOG  ] Hashing path: resources/app/node_modules/@vscode/sandbox-runtime/vendor/seccomp-src/seccomp-unix-block.c
[  LOG  ] Hashing path: resources/app/node_modules/@vscode/sandbox-runtime/vendor/seccomp/x64/apply-seccomp
[  LOG  ] Hashing path: resources/app/node_modules/shell-quote/LICENSE
[  LOG  ] Hashing path: resources/app/node_modules/shell-quote/eslint.config.mjs
[  LOG  ] Hashing path: resources/app/node_modules/shell-quote/index.js
[  LOG  ] Hashing path: resources/app/node_modules/shell-quote/package.json
[  LOG  ] Hashing path: resources/app/node_modules/shell-quote/parse.js
[  LOG  ] Hashing path: resources/app/node_modules/shell-quote/quote.js
[  LOG  ] Hashing path: resources/app/node_modules/shell-quote/security.md
[  LOG  ] Hashing path: resources/app/node_modules/shell-quote/tsconfig.json
[  LOG  ] Hashing path: resources/app/node_modules/vsda/build/Release/vsda.node
[  LOG  ] Hashing path: resources/app/node_modules/vsda/index.d.ts
[  LOG  ] Hashing path: resources/app/node_modules/vsda/index.js
[  LOG  ] Hashing path: resources/app/node_modules/vsda/package.json
[  LOG  ] Hashing path: resources/app/node_modules/vsda/rust/bundler/vsda.d.ts
[  LOG  ] Hashing path: resources/app/node_modules/vsda/rust/bundler/vsda.js
[  LOG  ] Hashing path: resources/app/node_modules/vsda/rust/web/vsda.d.ts
[  LOG  ] Hashing path: resources/app/node_modules/vsda/rust/web/vsda.js
[  LOG  ] Hashing path: resources/app/node_modules/vsda/rust/web/vsda_bg.wasm
[  LOG  ] Hashing path: resources/app/node_modules/vsda/rust/web/vsda_bg.wasm.d.ts
[  LOG  ] Hashing path: resources/app/node_modules/zod/LICENSE
[  LOG  ] Hashing path: resources/app/node_modules/zod/index.cjs
[  LOG  ] Hashing path: resources/app/node_modules/zod/index.d.cts
[  LOG  ] Hashing path: resources/app/node_modules/zod/index.js
[  LOG  ] Hashing path: resources/app/node_modules/zod/locales/index.cjs
[  LOG  ] Hashing path: resources/app/node_modules/zod/locales/index.d.cts
[  LOG  ] Hashing path: resources/app/node_modules/zod/locales/index.js
[  LOG  ] Hashing path: resources/app/node_modules/zod/locales/package.json
[  LOG  ] Hashing path: resources/app/node_modules/zod/mini/index.cjs
[  LOG  ] Hashing path: resources/app/node_modules/zod/mini/index.d.cts
[  LOG  ] Hashing path: resources/app/node_modules/zod/mini/index.js
[  LOG  ] Hashing path: resources/app/node_modules/zod/mini/package.json
[  LOG  ] Hashing path: resources/app/node_modules/zod/package.json
[  LOG  ] Hashing path: resources/app/node_modules/zod/v3/ZodError.cjs
[  LOG  ] Hashing path: resources/app/node_modules/zod/v3/ZodError.d.cts
[  LOG  ] Hashing path: resources/app/node_modules/zod/v3/ZodError.js
[  LOG  ] Hashing path: resources/app/node_modules/zod/v3/errors.cjs
[  LOG  ] Hashing path: resources/app/node_modules/zod/v3/errors.d.cts
[  LOG  ] Hashing path: resources/app/node_modules/zod/v3/errors.js
[  LOG  ] Hashing path: resources/app/node_modules/zod/v3/external.cjs
[  LOG  ] Hashing path: resources/app/node_modules/zod/v3/external.d.cts
[  LOG  ] Hashing path: resources/app/node_modules/zod/v3/external.js
[  LOG  ] Hashing path: resources/app/node_modules/zod/v3/helpers/enumUtil.cjs
[  LOG  ] Hashing path: resources/app/node_modules/zod/v3/helpers/enumUtil.d.cts
[  LOG  ] Hashing path: resources/app/node_modules/zod/v3/helpers/enumUtil.js
[  LOG  ] Hashing path: resources/app/node_modules/zod/v3/helpers/errorUtil.cjs
[  LOG  ] Hashing path: resources/app/node_modules/zod/v3/helpers/errorUtil.d.cts
[  LOG  ] Hashing path: resources/app/node_modules/zod/v3/helpers/errorUtil.js
[  LOG  ] Hashing path: resources/app/node_modules/zod/v3/helpers/parseUtil.cjs
[  LOG  ] Hashing path: resources/app/node_modules/zod/v3/helpers/parseUtil.d.cts
[  LOG  ] Hashing path: resources/app/node_modules/zod/v3/helpers/parseUtil.js
[  LOG  ] Hashing path: resources/app/node_modules/zod/v3/helpers/partialUtil.cjs
[  LOG  ] Hashing path: resources/app/node_modules/zod/v3/helpers/partialUtil.d.cts
[  LOG  ] Hashing path: resources/app/node_modules/zod/v3/helpers/partialUtil.js
[  LOG  ] Hashing path: resources/app/node_modules/zod/v3/helpers/typeAliases.cjs
[  LOG  ] Hashing path: resources/app/node_modules/zod/v3/helpers/typeAliases.d.cts
[  LOG  ] Hashing path: resources/app/node_modules/zod/v3/helpers/typeAliases.js
[  LOG  ] Hashing path: resources/app/node_modules/zod/v3/helpers/util.cjs
[  LOG  ] Hashing path: resources/app/node_modules/zod/v3/helpers/util.d.cts
[  LOG  ] Hashing path: resources/app/node_modules/zod/v3/helpers/util.js
[  LOG  ] Hashing path: resources/app/node_modules/zod/v3/index.cjs
[  LOG  ] Hashing path: resources/app/node_modules/zod/v3/index.d.cts
[  LOG  ] Hashing path: resources/app/node_modules/zod/v3/index.js
[  LOG  ] Hashing path: resources/app/node_modules/zod/v3/locales/en.cjs
[  LOG  ] Hashing path: resources/app/node_modules/zod/v3/locales/en.d.cts
[  LOG  ] Hashing path: resources/app/node_modules/zod/v3/locales/en.js
[  LOG  ] Hashing path: resources/app/node_modules/zod/v3/package.json
[  LOG  ] Hashing path: resources/app/node_modules/zod/v3/standard-schema.d.cts
[  LOG  ] Hashing path: resources/app/node_modules/zod/v3/standard-schema.cjs
[  LOG  ] Hashing path: resources/app/node_modules/zod/v3/standard-schema.js
[  LOG  ] Hashing path: resources/app/node_modules/zod/v3/types.cjs
[  LOG  ] Hashing path: resources/app/node_modules/zod/v3/types.d.cts
[  LOG  ] Hashing path: resources/app/node_modules/zod/v3/types.js
[  LOG  ] Hashing path: resources/app/node_modules/zod/v4-mini/index.cjs
[  LOG  ] Hashing path: resources/app/node_modules/zod/v4-mini/index.d.cts
[  LOG  ] Hashing path: resources/app/node_modules/zod/v4-mini/index.js
[  LOG  ] Hashing path: resources/app/node_modules/zod/v4-mini/package.json
[  LOG  ] Hashing path: resources/app/node_modules/zod/v4/classic/checks.cjs
[  LOG  ] Hashing path: resources/app/node_modules/zod/v4/classic/checks.d.cts
[  LOG  ] Hashing path: resources/app/node_modules/zod/v4/classic/checks.js
[  LOG  ] Hashing path: resources/app/node_modules/zod/v4/classic/coerce.cjs
[  LOG  ] Hashing path: resources/app/node_modules/zod/v4/classic/coerce.d.cts
[  LOG  ] Hashing path: resources/app/node_modules/zod/v4/classic/coerce.js
[  LOG  ] Hashing path: resources/app/node_modules/zod/v4/classic/compat.cjs
[  LOG  ] Hashing path: resources/app/node_modules/zod/v4/classic/compat.d.cts
[  LOG  ] Hashing path: resources/app/node_modules/zod/v4/classic/compat.js
[  LOG  ] Hashing path: resources/app/node_modules/zod/v4/classic/errors.cjs
[  LOG  ] Hashing path: resources/app/node_modules/zod/v4/classic/errors.d.cts
[  LOG  ] Hashing path: resources/app/node_modules/zod/v4/classic/errors.js
[  LOG  ] Hashing path: resources/app/node_modules/zod/v4/classic/external.d.cts
[  LOG  ] Hashing path: resources/app/node_modules/zod/v4/classic/external.cjs
[  LOG  ] Hashing path: resources/app/node_modules/zod/v4/classic/external.js
[  LOG  ] Hashing path: resources/app/node_modules/zod/v4/classic/from-json-schema.d.cts
[  LOG  ] Hashing path: resources/app/node_modules/zod/v4/classic/from-json-schema.cjs
[  LOG  ] Hashing path: resources/app/node_modules/zod/v4/classic/from-json-schema.js
[  LOG  ] Hashing path: resources/app/node_modules/zod/v4/classic/index.cjs
[  LOG  ] Hashing path: resources/app/node_modules/zod/v4/classic/index.d.cts
[  LOG  ] Hashing path: resources/app/node_modules/zod/v4/classic/index.js
[  LOG  ] Hashing path: resources/app/node_modules/zod/v4/classic/iso.cjs
[  LOG  ] Hashing path: resources/app/node_modules/zod/v4/classic/iso.d.cts
[  LOG  ] Hashing path: resources/app/node_modules/zod/v4/classic/iso.js
[  LOG  ] Hashing path: resources/app/node_modules/zod/v4/classic/package.json
[  LOG  ] Hashing path: resources/app/node_modules/zod/v4/classic/parse.cjs
[  LOG  ] Hashing path: resources/app/node_modules/zod/v4/classic/parse.d.cts
[  LOG  ] Hashing path: resources/app/node_modules/zod/v4/classic/parse.js
[  LOG  ] Hashing path: resources/app/node_modules/zod/v4/classic/schemas.cjs
[  LOG  ] Hashing path: resources/app/node_modules/zod/v4/classic/schemas.d.cts
[  LOG  ] Hashing path: resources/app/node_modules/zod/v4/classic/schemas.js
[  LOG  ] Hashing path: resources/app/node_modules/zod/v4/core/api.cjs
[  LOG  ] Hashing path: resources/app/node_modules/zod/v4/core/api.d.cts
[  LOG  ] Hashing path: resources/app/node_modules/zod/v4/core/api.js
[  LOG  ] Hashing path: resources/app/node_modules/zod/v4/core/checks.cjs
[  LOG  ] Hashing path: resources/app/node_modules/zod/v4/core/checks.d.cts
[  LOG  ] Hashing path: resources/app/node_modules/zod/v4/core/checks.js
[  LOG  ] Hashing path: resources/app/node_modules/zod/v4/core/core.cjs
[  LOG  ] Hashing path: resources/app/node_modules/zod/v4/core/core.d.cts
[  LOG  ] Hashing path: resources/app/node_modules/zod/v4/core/doc.cjs
[  LOG  ] Hashing path: resources/app/node_modules/zod/v4/core/doc.d.cts
[  LOG  ] Hashing path: resources/app/node_modules/zod/v4/core/core.js
[  LOG  ] Hashing path: resources/app/node_modules/zod/v4/core/doc.js
[  LOG  ] Hashing path: resources/app/node_modules/zod/v4/core/errors.cjs
[  LOG  ] Hashing path: resources/app/node_modules/zod/v4/core/errors.d.cts
[  LOG  ] Hashing path: resources/app/node_modules/zod/v4/core/errors.js
[  LOG  ] Hashing path: resources/app/node_modules/zod/v4/core/index.cjs
[  LOG  ] Hashing path: resources/app/node_modules/zod/v4/core/index.d.cts
[  LOG  ] Hashing path: resources/app/node_modules/zod/v4/core/index.js
[  LOG  ] Hashing path: resources/app/node_modules/zod/v4/core/json-schema-generator.cjs
[  LOG  ] Hashing path: resources/app/node_modules/zod/v4/core/json-schema-generator.d.cts
[  LOG  ] Hashing path: resources/app/node_modules/zod/v4/core/json-schema-generator.js
[  LOG  ] Hashing path: resources/app/node_modules/zod/v4/core/json-schema-processors.cjs
[  LOG  ] Hashing path: resources/app/node_modules/zod/v4/core/json-schema-processors.d.cts
[  LOG  ] Hashing path: resources/app/node_modules/zod/v4/core/json-schema-processors.js
[  LOG  ] Hashing path: resources/app/node_modules/zod/v4/core/json-schema.cjs
[  LOG  ] Hashing path: resources/app/node_modules/zod/v4/core/json-schema.d.cts
[  LOG  ] Hashing path: resources/app/node_modules/zod/v4/core/json-schema.js
[  LOG  ] Hashing path: resources/app/node_modules/zod/v4/core/package.json
[  LOG  ] Hashing path: resources/app/node_modules/zod/v4/core/parse.cjs
[  LOG  ] Hashing path: resources/app/node_modules/zod/v4/core/parse.d.cts
[  LOG  ] Hashing path: resources/app/node_modules/zod/v4/core/parse.js
[  LOG  ] Hashing path: resources/app/node_modules/zod/v4/core/regexes.cjs
[  LOG  ] Hashing path: resources/app/node_modules/zod/v4/core/regexes.d.cts
[  LOG  ] Hashing path: resources/app/node_modules/zod/v4/core/regexes.js
[  LOG  ] Hashing path: resources/app/node_modules/zod/v4/core/registries.cjs
[  LOG  ] Hashing path: resources/app/node_modules/zod/v4/core/registries.d.cts
[  LOG  ] Hashing path: resources/app/node_modules/zod/v4/core/registries.js
[  LOG  ] Hashing path: resources/app/node_modules/zod/v4/core/schemas.cjs
[  LOG  ] Hashing path: resources/app/node_modules/zod/v4/core/schemas.d.cts
[  LOG  ] Hashing path: resources/app/node_modules/zod/v4/core/schemas.js
[  LOG  ] Hashing path: resources/app/node_modules/zod/v4/core/standard-schema.cjs
[  LOG  ] Hashing path: resources/app/node_modules/zod/v4/core/standard-schema.d.cts
[  LOG  ] Hashing path: resources/app/node_modules/zod/v4/core/standard-schema.js
[  LOG  ] Hashing path: resources/app/node_modules/zod/v4/core/to-json-schema.cjs
[  LOG  ] Hashing path: resources/app/node_modules/zod/v4/core/to-json-schema.d.cts
[  LOG  ] Hashing path: resources/app/node_modules/zod/v4/core/to-json-schema.js
[  LOG  ] Hashing path: resources/app/node_modules/zod/v4/core/util.cjs
[  LOG  ] Hashing path: resources/app/node_modules/zod/v4/core/util.d.cts
[  LOG  ] Hashing path: resources/app/node_modules/zod/v4/core/util.js
[  LOG  ] Hashing path: resources/app/node_modules/zod/v4/core/versions.cjs
[  LOG  ] Hashing path: resources/app/node_modules/zod/v4/core/versions.d.cts
[  LOG  ] Hashing path: resources/app/node_modules/zod/v4/core/versions.js
[  LOG  ] Hashing path: resources/app/node_modules/zod/v4/index.cjs
[  LOG  ] Hashing path: resources/app/node_modules/zod/v4/index.d.cts
[  LOG  ] Hashing path: resources/app/node_modules/zod/v4/index.js
[  LOG  ] Hashing path: resources/app/node_modules/zod/v4/locales/ar.cjs
[  LOG  ] Hashing path: resources/app/node_modules/zod/v4/locales/ar.d.cts
[  LOG  ] Hashing path: resources/app/node_modules/zod/v4/locales/ar.js
[  LOG  ] Hashing path: resources/app/node_modules/zod/v4/locales/az.d.cts
[  LOG  ] Hashing path: resources/app/node_modules/zod/v4/locales/az.cjs
[  LOG  ] Hashing path: resources/app/node_modules/zod/v4/locales/az.js
[  LOG  ] Hashing path: resources/app/node_modules/zod/v4/locales/be.cjs
[  LOG  ] Hashing path: resources/app/node_modules/zod/v4/locales/be.d.cts
[  LOG  ] Hashing path: resources/app/node_modules/zod/v4/locales/be.js
[  LOG  ] Hashing path: resources/app/node_modules/zod/v4/locales/bg.cjs
[  LOG  ] Hashing path: resources/app/node_modules/zod/v4/locales/bg.d.cts
[  LOG  ] Hashing path: resources/app/node_modules/zod/v4/locales/bg.js
[  LOG  ] Hashing path: resources/app/node_modules/zod/v4/locales/ca.cjs
[  LOG  ] Hashing path: resources/app/node_modules/zod/v4/locales/ca.d.cts
[  LOG  ] Hashing path: resources/app/node_modules/zod/v4/locales/ca.js
[  LOG  ] Hashing path: resources/app/node_modules/zod/v4/locales/cs.cjs
[  LOG  ] Hashing path: resources/app/node_modules/zod/v4/locales/cs.d.cts
[  LOG  ] Hashing path: resources/app/node_modules/zod/v4/locales/cs.js
[  LOG  ] Hashing path: resources/app/node_modules/zod/v4/locales/da.cjs
[  LOG  ] Hashing path: resources/app/node_modules/zod/v4/locales/da.d.cts
[  LOG  ] Hashing path: resources/app/node_modules/zod/v4/locales/da.js
[  LOG  ] Hashing path: resources/app/node_modules/zod/v4/locales/de.cjs
[  LOG  ] Hashing path: resources/app/node_modules/zod/v4/locales/de.d.cts
[  LOG  ] Hashing path: resources/app/node_modules/zod/v4/locales/de.js
[  LOG  ] Hashing path: resources/app/node_modules/zod/v4/locales/el.cjs
[  LOG  ] Hashing path: resources/app/node_modules/zod/v4/locales/el.d.cts
[  LOG  ] Hashing path: resources/app/node_modules/zod/v4/locales/el.js
[  LOG  ] Hashing path: resources/app/node_modules/zod/v4/locales/en.cjs
[  LOG  ] Hashing path: resources/app/node_modules/zod/v4/locales/en.js
[  LOG  ] Hashing path: resources/app/node_modules/zod/v4/locales/en.d.cts
[  LOG  ] Hashing path: resources/app/node_modules/zod/v4/locales/eo.cjs
[  LOG  ] Hashing path: resources/app/node_modules/zod/v4/locales/eo.d.cts
[  LOG  ] Hashing path: resources/app/node_modules/zod/v4/locales/eo.js
[  LOG  ] Hashing path: resources/app/node_modules/zod/v4/locales/es.cjs
[  LOG  ] Hashing path: resources/app/node_modules/zod/v4/locales/es.d.cts
[  LOG  ] Hashing path: resources/app/node_modules/zod/v4/locales/es.js
[  LOG  ] Hashing path: resources/app/node_modules/zod/v4/locales/fa.cjs
[  LOG  ] Hashing path: resources/app/node_modules/zod/v4/locales/fa.d.cts
[  LOG  ] Hashing path: resources/app/node_modules/zod/v4/locales/fi.cjs
[  LOG  ] Hashing path: resources/app/node_modules/zod/v4/locales/fa.js
[  LOG  ] Hashing path: resources/app/node_modules/zod/v4/locales/fi.d.cts
[  LOG  ] Hashing path: resources/app/node_modules/zod/v4/locales/fi.js
[  LOG  ] Hashing path: resources/app/node_modules/zod/v4/locales/fr-CA.d.cts
[  LOG  ] Hashing path: resources/app/node_modules/zod/v4/locales/fr-CA.cjs
[  LOG  ] Hashing path: resources/app/node_modules/zod/v4/locales/fr-CA.js
[  LOG  ] Hashing path: resources/app/node_modules/zod/v4/locales/fr.cjs
[  LOG  ] Hashing path: resources/app/node_modules/zod/v4/locales/fr.js
[  LOG  ] Hashing path: resources/app/node_modules/zod/v4/locales/he.cjs
[  LOG  ] Hashing path: resources/app/node_modules/zod/v4/locales/he.d.cts
[  LOG  ] Hashing path: resources/app/node_modules/zod/v4/locales/he.js
[  LOG  ] Hashing path: resources/app/node_modules/zod/v4/locales/hr.cjs
[  LOG  ] Hashing path: resources/app/node_modules/zod/v4/locales/hr.d.cts
[  LOG  ] Hashing path: resources/app/node_modules/zod/v4/locales/hr.js
[  LOG  ] Hashing path: resources/app/node_modules/zod/v4/locales/hu.cjs
[  LOG  ] Hashing path: resources/app/node_modules/zod/v4/locales/hu.d.cts
[  LOG  ] Hashing path: resources/app/node_modules/zod/v4/locales/hu.js
[  LOG  ] Hashing path: resources/app/node_modules/zod/v4/locales/hy.cjs
[  LOG  ] Hashing path: resources/app/node_modules/zod/v4/locales/hy.d.cts
[  LOG  ] Hashing path: resources/app/node_modules/zod/v4/locales/hy.js
[  LOG  ] Hashing path: resources/app/node_modules/zod/v4/locales/id.cjs
[  LOG  ] Hashing path: resources/app/node_modules/zod/v4/locales/id.d.cts
[  LOG  ] Hashing path: resources/app/node_modules/zod/v4/locales/id.js
[  LOG  ] Hashing path: resources/app/node_modules/zod/v4/locales/index.cjs
[  LOG  ] Hashing path: resources/app/node_modules/zod/v4/locales/index.d.cts
[  LOG  ] Hashing path: resources/app/node_modules/zod/v4/locales/index.js
[  LOG  ] Hashing path: resources/app/node_modules/zod/v4/locales/is.cjs
[  LOG  ] Hashing path: resources/app/node_modules/zod/v4/locales/fr.d.cts
[  LOG  ] Hashing path: resources/app/node_modules/zod/v4/locales/is.d.cts
[  LOG  ] Hashing path: resources/app/node_modules/zod/v4/locales/is.js
[  LOG  ] Hashing path: resources/app/node_modules/zod/v4/locales/it.cjs
[  LOG  ] Hashing path: resources/app/node_modules/zod/v4/locales/it.d.cts
[  LOG  ] Hashing path: resources/app/node_modules/zod/v4/locales/it.js
[  LOG  ] Hashing path: resources/app/node_modules/zod/v4/locales/ja.cjs
[  LOG  ] Hashing path: resources/app/node_modules/zod/v4/locales/ja.d.cts
[  LOG  ] Hashing path: resources/app/node_modules/zod/v4/locales/ja.js
[  LOG  ] Hashing path: resources/app/node_modules/zod/v4/locales/ka.cjs
[  LOG  ] Hashing path: resources/app/node_modules/zod/v4/locales/ka.d.cts
[  LOG  ] Hashing path: resources/app/node_modules/zod/v4/locales/ka.js
[  LOG  ] Hashing path: resources/app/node_modules/zod/v4/locales/kh.cjs
[  LOG  ] Hashing path: resources/app/node_modules/zod/v4/locales/kh.d.cts
[  LOG  ] Hashing path: resources/app/node_modules/zod/v4/locales/kh.js
[  LOG  ] Hashing path: resources/app/node_modules/zod/v4/locales/km.cjs
[  LOG  ] Hashing path: resources/app/node_modules/zod/v4/locales/km.d.cts
[  LOG  ] Hashing path: resources/app/node_modules/zod/v4/locales/km.js
[  LOG  ] Hashing path: resources/app/node_modules/zod/v4/locales/ko.cjs
[  LOG  ] Hashing path: resources/app/node_modules/zod/v4/locales/ko.d.cts
[  LOG  ] Hashing path: resources/app/node_modules/zod/v4/locales/ko.js
[  LOG  ] Hashing path: resources/app/node_modules/zod/v4/locales/lt.cjs
[  LOG  ] Hashing path: resources/app/node_modules/zod/v4/locales/lt.d.cts
[  LOG  ] Hashing path: resources/app/node_modules/zod/v4/locales/lt.js
[  LOG  ] Hashing path: resources/app/node_modules/zod/v4/locales/mk.cjs
[  LOG  ] Hashing path: resources/app/node_modules/zod/v4/locales/mk.d.cts
[  LOG  ] Hashing path: resources/app/node_modules/zod/v4/locales/mk.js
[  LOG  ] Hashing path: resources/app/node_modules/zod/v4/locales/ms.cjs
[  LOG  ] Hashing path: resources/app/node_modules/zod/v4/locales/ms.d.cts
[  LOG  ] Hashing path: resources/app/node_modules/zod/v4/locales/ms.js
[  LOG  ] Hashing path: resources/app/node_modules/zod/v4/locales/nl.cjs
[  LOG  ] Hashing path: resources/app/node_modules/zod/v4/locales/nl.d.cts
[  LOG  ] Hashing path: resources/app/node_modules/zod/v4/locales/nl.js
[  LOG  ] Hashing path: resources/app/node_modules/zod/v4/locales/no.cjs
[  LOG  ] Hashing path: resources/app/node_modules/zod/v4/locales/no.d.cts
[  LOG  ] Hashing path: resources/app/node_modules/zod/v4/locales/no.js
[  LOG  ] Hashing path: resources/app/node_modules/zod/v4/locales/ota.cjs
[  LOG  ] Hashing path: resources/app/node_modules/zod/v4/locales/ota.d.cts
[  LOG  ] Hashing path: resources/app/node_modules/zod/v4/locales/ota.js
[  LOG  ] Hashing path: resources/app/node_modules/zod/v4/locales/pl.cjs
[  LOG  ] Hashing path: resources/app/node_modules/zod/v4/locales/package.json
[  LOG  ] Hashing path: resources/app/node_modules/zod/v4/locales/pl.d.cts
[  LOG  ] Hashing path: resources/app/node_modules/zod/v4/locales/pl.js
[  LOG  ] Hashing path: resources/app/node_modules/zod/v4/locales/ps.cjs
[  LOG  ] Hashing path: resources/app/node_modules/zod/v4/locales/ps.d.cts
[  LOG  ] Hashing path: resources/app/node_modules/zod/v4/locales/ps.js
[  LOG  ] Hashing path: resources/app/node_modules/zod/v4/locales/pt.d.cts
[  LOG  ] Hashing path: resources/app/node_modules/zod/v4/locales/pt.cjs
[  LOG  ] Hashing path: resources/app/node_modules/zod/v4/locales/pt.js
[  LOG  ] Hashing path: resources/app/node_modules/zod/v4/locales/ro.cjs
[  LOG  ] Hashing path: resources/app/node_modules/zod/v4/locales/ro.d.cts
[  LOG  ] Hashing path: resources/app/node_modules/zod/v4/locales/ro.js
[  LOG  ] Hashing path: resources/app/node_modules/zod/v4/locales/ru.cjs
[  LOG  ] Hashing path: resources/app/node_modules/zod/v4/locales/ru.d.cts
[  LOG  ] Hashing path: resources/app/node_modules/zod/v4/locales/ru.js
[  LOG  ] Hashing path: resources/app/node_modules/zod/v4/locales/sl.cjs
[  LOG  ] Hashing path: resources/app/node_modules/zod/v4/locales/sl.d.cts
[  LOG  ] Hashing path: resources/app/node_modules/zod/v4/locales/sl.js
[  LOG  ] Hashing path: resources/app/node_modules/zod/v4/locales/sv.cjs
[  LOG  ] Hashing path: resources/app/node_modules/zod/v4/locales/sv.d.cts
[  LOG  ] Hashing path: resources/app/node_modules/zod/v4/locales/sv.js
[  LOG  ] Hashing path: resources/app/node_modules/zod/v4/locales/ta.cjs
[  LOG  ] Hashing path: resources/app/node_modules/zod/v4/locales/ta.d.cts
[  LOG  ] Hashing path: resources/app/node_modules/zod/v4/locales/th.cjs
[  LOG  ] Hashing path: resources/app/node_modules/zod/v4/locales/th.d.cts
[  LOG  ] Hashing path: resources/app/node_modules/zod/v4/locales/ta.js
[  LOG  ] Hashing path: resources/app/node_modules/zod/v4/locales/th.js
[  LOG  ] Hashing path: resources/app/node_modules/zod/v4/locales/tr.cjs
[  LOG  ] Hashing path: resources/app/node_modules/zod/v4/locales/tr.d.cts
[  LOG  ] Hashing path: resources/app/node_modules/zod/v4/locales/tr.js
[  LOG  ] Hashing path: resources/app/node_modules/zod/v4/locales/ua.cjs
[  LOG  ] Hashing path: resources/app/node_modules/zod/v4/locales/ua.d.cts
[  LOG  ] Hashing path: resources/app/node_modules/zod/v4/locales/ua.js
[  LOG  ] Hashing path: resources/app/node_modules/zod/v4/locales/uk.cjs
[  LOG  ] Hashing path: resources/app/node_modules/zod/v4/locales/uk.d.cts
[  LOG  ] Hashing path: resources/app/node_modules/zod/v4/locales/uk.js
[  LOG  ] Hashing path: resources/app/node_modules/zod/v4/locales/ur.cjs
[  LOG  ] Hashing path: resources/app/node_modules/zod/v4/locales/ur.d.cts
[  LOG  ] Hashing path: resources/app/node_modules/zod/v4/locales/ur.js
[  LOG  ] Hashing path: resources/app/node_modules/zod/v4/locales/uz.cjs
[  LOG  ] Hashing path: resources/app/node_modules/zod/v4/locales/uz.d.cts
[  LOG  ] Hashing path: resources/app/node_modules/zod/v4/locales/uz.js
[  LOG  ] Hashing path: resources/app/node_modules/zod/v4/locales/vi.cjs
[  LOG  ] Hashing path: resources/app/node_modules/zod/v4/locales/vi.d.cts
[  LOG  ] Hashing path: resources/app/node_modules/zod/v4/locales/vi.js
[  LOG  ] Hashing path: resources/app/node_modules/zod/v4/locales/yo.cjs
[  LOG  ] Hashing path: resources/app/node_modules/zod/v4/locales/yo.d.cts
[  LOG  ] Hashing path: resources/app/node_modules/zod/v4/locales/yo.js
[  LOG  ] Hashing path: resources/app/node_modules/zod/v4/locales/zh-CN.cjs
[  LOG  ] Hashing path: resources/app/node_modules/zod/v4/locales/zh-CN.d.cts
[  LOG  ] Hashing path: resources/app/node_modules/zod/v4/locales/zh-TW.cjs
[  LOG  ] Hashing path: resources/app/node_modules/zod/v4/locales/zh-CN.js
[  LOG  ] Hashing path: resources/app/node_modules/zod/v4/locales/zh-TW.d.cts
[  LOG  ] Hashing path: resources/app/node_modules/zod/v4/locales/zh-TW.js
[  LOG  ] Hashing path: resources/app/node_modules/zod/v4/mini/checks.cjs
[  LOG  ] Hashing path: resources/app/node_modules/zod/v4/mini/checks.d.cts
[  LOG  ] Hashing path: resources/app/node_modules/zod/v4/mini/coerce.cjs
[  LOG  ] Hashing path: resources/app/node_modules/zod/v4/mini/checks.js
[  LOG  ] Hashing path: resources/app/node_modules/zod/v4/mini/coerce.d.cts
[  LOG  ] Hashing path: resources/app/node_modules/zod/v4/mini/coerce.js
[  LOG  ] Hashing path: resources/app/node_modules/zod/v4/mini/external.cjs
[  LOG  ] Hashing path: resources/app/node_modules/zod/v4/mini/external.js
[  LOG  ] Hashing path: resources/app/node_modules/zod/v4/mini/external.d.cts
[  LOG  ] Hashing path: resources/app/node_modules/zod/v4/mini/index.cjs
[  LOG  ] Hashing path: resources/app/node_modules/zod/v4/mini/index.d.cts
[  LOG  ] Hashing path: resources/app/node_modules/zod/v4/mini/index.js
[  LOG  ] Hashing path: resources/app/node_modules/zod/v4/mini/iso.cjs
[  LOG  ] Hashing path: resources/app/node_modules/zod/v4/mini/iso.d.cts
[  LOG  ] Hashing path: resources/app/node_modules/zod/v4/mini/iso.js
[  LOG  ] Hashing path: resources/app/node_modules/zod/v4/mini/package.json
[  LOG  ] Hashing path: resources/app/node_modules/zod/v4/mini/parse.cjs
[  LOG  ] Hashing path: resources/app/node_modules/zod/v4/mini/parse.d.cts
[  LOG  ] Hashing path: resources/app/node_modules/zod/v4/mini/parse.js
[  LOG  ] Hashing path: resources/app/node_modules/zod/v4/mini/schemas.cjs
[  LOG  ] Hashing path: resources/app/node_modules/zod/v4/mini/schemas.d.cts
[  LOG  ] Hashing path: resources/app/node_modules/zod/v4/mini/schemas.js
[  LOG  ] Hashing path: resources/app/node_modules/zod/v4/package.json
[  LOG  ] Hashing path: resources/app/out/bootstrap-fork.js
[  LOG  ] Hashing path: resources/app/out/cli.js
[  LOG  ] Hashing path: resources/app/out/date
[  LOG  ] Hashing path: resources/app/out/main.js
[  LOG  ] Hashing path: resources/app/out/media/apple-dark.svg
[  LOG  ] Hashing path: resources/app/out/media/apple-light.svg
[  LOG  ] Hashing path: resources/app/out/media/code-icon.svg
[  LOG  ] Hashing path: resources/app/out/media/codicon.ttf
[  LOG  ] Hashing path: resources/app/out/media/github.svg
[  LOG  ] Hashing path: resources/app/out/media/google.svg
[  LOG  ] Hashing path: resources/app/out/media/letterpress-dark.svg
[  LOG  ] Hashing path: resources/app/out/media/letterpress-hcDark.svg
[  LOG  ] Hashing path: resources/app/out/media/letterpress-hcLight.svg
[  LOG  ] Hashing path: resources/app/out/media/letterpress-light.svg
[  LOG  ] Hashing path: resources/app/out/media/loading-dark.svg
[  LOG  ] Hashing path: resources/app/out/media/loading-hc.svg
[  LOG  ] Hashing path: resources/app/out/media/loading.svg
[  LOG  ] Hashing path: resources/app/out/media/microsoft-dark.svg
[  LOG  ] Hashing path: resources/app/out/media/microsoft-light.svg
[  LOG  ] Hashing path: resources/app/out/media/opacity-background.png
[  LOG  ] Hashing path: resources/app/out/media/sessions-icon.svg
[  LOG  ] Hashing path: resources/app/out/media/sessions-logo-dark.svg
[  LOG  ] Hashing path: resources/app/out/media/sessions-logo-light.svg
[  LOG  ] Hashing path: resources/app/out/media/vscode-icon.svg
[  LOG  ] Hashing path: resources/app/out/nls.keys.json
[  LOG  ] Hashing path: resources/app/out/nls.messages.js
[  LOG  ] Hashing path: resources/app/out/nls.messages.json
[  LOG  ] Hashing path: resources/app/out/nls.metadata.json
[  LOG  ] Hashing path: resources/app/out/vs/base/node/cpuUsage.sh
[  LOG  ] Hashing path: resources/app/out/vs/base/node/ps.sh
[  LOG  ] Hashing path: resources/app/out/vs/base/node/terminateProcess.sh
[  LOG  ] Hashing path: resources/app/out/vs/base/parts/sandbox/electron-browser/preload-aux.js
[  LOG  ] Hashing path: resources/app/out/vs/base/parts/sandbox/electron-browser/preload.js
[  LOG  ] Hashing path: resources/app/out/vs/code/electron-browser/workbench/workbench.html
[  LOG  ] Hashing path: resources/app/out/vs/code/electron-browser/workbench/workbench.js
[  LOG  ] Hashing path: resources/app/out/vs/code/electron-utility/sharedProcess/sharedProcessMain.js
[  LOG  ] Hashing path: resources/app/out/vs/code/node/cliProcessMain.js
[  LOG  ] Hashing path: resources/app/out/vs/editor/common/languages/highlights/css.scm
[  LOG  ] Hashing path: resources/app/out/vs/editor/common/languages/highlights/ini.scm
[  LOG  ] Hashing path: resources/app/out/vs/editor/common/languages/highlights/regex.scm
[  LOG  ] Hashing path: resources/app/out/vs/editor/common/languages/highlights/typescript.scm
[  LOG  ] Hashing path: resources/app/out/vs/editor/common/languages/injections/typescript.scm
[  LOG  ] Hashing path: resources/app/out/vs/editor/common/services/editorWebWorkerMain.js
[  LOG  ] Hashing path: resources/app/out/vs/platform/accessibilitySignal/browser/media/break.mp3
[  LOG  ] Hashing path: resources/app/out/vs/platform/accessibilitySignal/browser/media/chatEditModifiedFile.mp3
[  LOG  ] Hashing path: resources/app/out/vs/platform/accessibilitySignal/browser/media/chatUserActionRequired.mp3
[  LOG  ] Hashing path: resources/app/out/vs/platform/accessibilitySignal/browser/media/clear.mp3
[  LOG  ] Hashing path: resources/app/out/vs/platform/accessibilitySignal/browser/media/codeActionApplied.mp3
[  LOG  ] Hashing path: resources/app/out/vs/platform/accessibilitySignal/browser/media/codeActionTriggered.mp3
[  LOG  ] Hashing path: resources/app/out/vs/platform/accessibilitySignal/browser/media/diffLineDeleted.mp3
[  LOG  ] Hashing path: resources/app/out/vs/platform/accessibilitySignal/browser/media/diffLineInserted.mp3
[  LOG  ] Hashing path: resources/app/out/vs/platform/accessibilitySignal/browser/media/diffLineModified.mp3
[  LOG  ] Hashing path: resources/app/out/vs/platform/accessibilitySignal/browser/media/editsKept.mp3
[  LOG  ] Hashing path: resources/app/out/vs/platform/accessibilitySignal/browser/media/editsUndone.mp3
[  LOG  ] Hashing path: resources/app/out/vs/platform/accessibilitySignal/browser/media/error.mp3
[  LOG  ] Hashing path: resources/app/out/vs/platform/accessibilitySignal/browser/media/foldedAreas.mp3
[  LOG  ] Hashing path: resources/app/out/vs/platform/accessibilitySignal/browser/media/format.mp3
[  LOG  ] Hashing path: resources/app/out/vs/platform/accessibilitySignal/browser/media/nextEditSuggestion.mp3
[  LOG  ] Hashing path: resources/app/out/vs/platform/accessibilitySignal/browser/media/progress.mp3
[  LOG  ] Hashing path: resources/app/out/vs/platform/accessibilitySignal/browser/media/quickFixes.mp3
[  LOG  ] Hashing path: resources/app/out/vs/platform/accessibilitySignal/browser/media/responseReceived1.mp3
[  LOG  ] Hashing path: resources/app/out/vs/platform/accessibilitySignal/browser/media/responseReceived2.mp3
[  LOG  ] Hashing path: resources/app/out/vs/platform/accessibilitySignal/browser/media/requestSent.mp3
[  LOG  ] Hashing path: resources/app/out/vs/platform/accessibilitySignal/browser/media/responseReceived3.mp3
[  LOG  ] Hashing path: resources/app/out/vs/platform/accessibilitySignal/browser/media/responseReceived4.mp3
[  LOG  ] Hashing path: resources/app/out/vs/platform/accessibilitySignal/browser/media/save.mp3
[  LOG  ] Hashing path: resources/app/out/vs/platform/accessibilitySignal/browser/media/success.mp3
[  LOG  ] Hashing path: resources/app/out/vs/platform/accessibilitySignal/browser/media/taskCompleted.mp3
[  LOG  ] Hashing path: resources/app/out/vs/platform/accessibilitySignal/browser/media/taskFailed.mp3
[  LOG  ] Hashing path: resources/app/out/vs/platform/accessibilitySignal/browser/media/terminalBell.mp3
[  LOG  ] Hashing path: resources/app/out/vs/platform/accessibilitySignal/browser/media/terminalCommandSucceeded.mp3
[  LOG  ] Hashing path: resources/app/out/vs/platform/accessibilitySignal/browser/media/voiceRecordingStarted.mp3
[  LOG  ] Hashing path: resources/app/out/vs/platform/accessibilitySignal/browser/media/warning.mp3
[  LOG  ] Hashing path: resources/app/out/vs/platform/agentHost/node/agentHostMain.js
[  LOG  ] Hashing path: resources/app/out/vs/platform/agentHost/node/diffWorkerMain.js
[  LOG  ] Hashing path: resources/app/out/vs/platform/accessibilitySignal/browser/media/voiceRecordingStopped.mp3
[  LOG  ] Hashing path: resources/app/out/vs/platform/browserView/electron-browser/preload-browserView.js
[  LOG  ] Hashing path: resources/app/out/vs/platform/files/node/watcher/watcherMain.js
[  LOG  ] Hashing path: resources/app/out/vs/platform/localTranscription/node/localTranscriptionMain.js
[  LOG  ] Hashing path: resources/app/out/vs/platform/profiling/electron-browser/profileAnalysisWorkerMain.js
[  LOG  ] Hashing path: resources/app/out/vs/platform/terminal/node/ptyHostMain.js
[  LOG  ] Hashing path: resources/app/out/vs/sessions/contrib/chat/browser/media/letterpress-sessions-dark.svg
[  LOG  ] Hashing path: resources/app/out/vs/sessions/contrib/chat/browser/media/letterpress-sessions-light.svg
[  LOG  ] Hashing path: resources/app/out/vs/sessions/electron-browser/sessions.html
[  LOG  ] Hashing path: resources/app/out/vs/sessions/electron-browser/sessions.js
[  LOG  ] Hashing path: resources/app/out/vs/sessions/sessions.desktop.main.css
[  LOG  ] Hashing path: resources/app/out/vs/sessions/sessions.desktop.main.js
[  LOG  ] Hashing path: resources/app/out/vs/sessions/skills/act-on-feedback/SKILL.md
[  LOG  ] Hashing path: resources/app/out/vs/sessions/skills/code-review/SKILL.md
[  LOG  ] Hashing path: resources/app/out/vs/sessions/skills/commit/SKILL.md
[  LOG  ] Hashing path: resources/app/out/vs/sessions/skills/create-draft-pr/SKILL.md
[  LOG  ] Hashing path: resources/app/out/vs/sessions/skills/create-pr/SKILL.md
[  LOG  ] Hashing path: resources/app/out/vs/sessions/skills/fix-ci/SKILL.md
[  LOG  ] Hashing path: resources/app/out/vs/sessions/skills/generate-run-commands/SKILL.md
[  LOG  ] Hashing path: resources/app/out/vs/sessions/skills/merge/SKILL.md
[  LOG  ] Hashing path: resources/app/out/vs/sessions/skills/sync-upstream/SKILL.md
[  LOG  ] Hashing path: resources/app/out/vs/sessions/skills/sync/SKILL.md
[  LOG  ] Hashing path: resources/app/out/vs/sessions/skills/troubleshoot/SKILL.md
[  LOG  ] Hashing path: resources/app/out/vs/sessions/skills/update-pr/SKILL.md
[  LOG  ] Hashing path: resources/app/out/vs/sessions/skills/update-skills/SKILL.md
[  LOG  ] Hashing path: resources/app/out/vs/workbench/api/node/extensionHostProcess.js
[  LOG  ] Hashing path: resources/app/out/vs/workbench/api/worker/extensionHostWorkerMain.js
[  LOG  ] Hashing path: resources/app/out/vs/workbench/browser/media/code-icon.svg
[  LOG  ] Hashing path: resources/app/out/vs/workbench/browser/parts/editor/media/back-tb.png
[  LOG  ] Hashing path: resources/app/out/vs/workbench/browser/parts/editor/media/forward-tb.png
[  LOG  ] Hashing path: resources/app/out/vs/workbench/browser/parts/editor/media/letterpress-dark.svg
[  LOG  ] Hashing path: resources/app/out/vs/workbench/browser/parts/editor/media/letterpress-hcDark.svg
[  LOG  ] Hashing path: resources/app/out/vs/workbench/browser/parts/editor/media/letterpress-hcLight.svg
[  LOG  ] Hashing path: resources/app/out/vs/workbench/browser/parts/editor/media/letterpress-light.svg
[  LOG  ] Hashing path: resources/app/out/vs/workbench/contrib/agentsVoice/browser/media/daniel_neutral.mp3
[  LOG  ] Hashing path: resources/app/out/vs/workbench/contrib/agentsVoice/browser/media/de_marc_neutral.mp3
[  LOG  ] Hashing path: resources/app/out/vs/workbench/contrib/agentsVoice/browser/media/es-ES_maria_neutral.mp3
[  LOG  ] Hashing path: resources/app/out/vs/workbench/contrib/agentsVoice/browser/media/fr_david_neutral.mp3
[  LOG  ] Hashing path: resources/app/out/vs/workbench/contrib/agentsVoice/browser/media/it_eva_neutral.mp3
[  LOG  ] Hashing path: resources/app/out/vs/workbench/contrib/agentsVoice/browser/media/ja_aruha_neutral.mp3
[  LOG  ] Hashing path: resources/app/out/vs/workbench/contrib/agentsVoice/browser/media/kevin_neutral.mp3
[  LOG  ] Hashing path: resources/app/out/vs/workbench/contrib/agentsVoice/browser/media/ko_jiyon_neutral.mp3
[  LOG  ] Hashing path: resources/app/out/vs/workbench/contrib/agentsVoice/browser/media/maya_neutral.mp3
[  LOG  ] Hashing path: resources/app/out/vs/workbench/contrib/agentsVoice/browser/media/pt-BR_gil_neutral.mp3
[  LOG  ] Hashing path: resources/app/out/vs/workbench/contrib/agentsVoice/browser/media/victoria_neutral.mp3
[  LOG  ] Hashing path: resources/app/out/vs/workbench/contrib/agentsVoice/browser/media/zh_wuzhi_neutral.mp3
[  LOG  ] Hashing path: resources/app/out/vs/workbench/contrib/chat/browser/widget/media/chatPet/accessories/artist-beret.png
[  LOG  ] Hashing path: resources/app/out/vs/workbench/contrib/chat/browser/widget/media/chatPet/accessories/bamboo-hat.png
[  LOG  ] Hashing path: resources/app/out/vs/workbench/contrib/chat/browser/widget/media/chatPet/accessories/baseball-cap.png
[  LOG  ] Hashing path: resources/app/out/vs/workbench/contrib/chat/browser/widget/media/chatPet/accessories/construction-hard-hat.png
[  LOG  ] Hashing path: resources/app/out/vs/workbench/contrib/chat/browser/widget/media/chatPet/accessories/cowboy-hat.png
[  LOG  ] Hashing path: resources/app/out/vs/workbench/contrib/chat/browser/widget/media/chatPet/accessories/dark-sailor-hat.png
[  LOG  ] Hashing path: resources/app/out/vs/workbench/contrib/chat/browser/widget/media/chatPet/accessories/crown.png
[  LOG  ] Hashing path: resources/app/out/vs/workbench/contrib/chat/browser/widget/media/chatPet/accessories/full-size-spinner-hat.png
[  LOG  ] Hashing path: resources/app/out/vs/workbench/contrib/chat/browser/widget/media/chatPet/accessories/firefighter-helmet.png
[  LOG  ] Hashing path: resources/app/out/vs/workbench/contrib/chat/browser/widget/media/chatPet/accessories/grand-top-hat-monocle.png
[  LOG  ] Hashing path: resources/app/out/vs/workbench/contrib/chat/browser/widget/media/chatPet/accessories/pink-party-hat.png
[  LOG  ] Hashing path: resources/app/out/vs/workbench/contrib/chat/browser/widget/media/chatPet/accessories/leaning-party-hat.png
[  LOG  ] Hashing path: resources/app/out/vs/workbench/contrib/chat/browser/widget/media/chatPet/accessories/propeller-hat.png
[  LOG  ] Hashing path: resources/app/out/vs/workbench/contrib/chat/browser/widget/media/chatPet/accessories/sailor-hat.png
[  LOG  ] Hashing path: resources/app/out/vs/workbench/contrib/chat/browser/widget/media/chatPet/accessories/straw-hat.png
[  LOG  ] Hashing path: resources/app/out/vs/workbench/contrib/chat/browser/widget/media/chatPet/accessories/wizard-hat.png
[  LOG  ] Hashing path: resources/app/out/vs/workbench/contrib/chat/browser/widget/media/chatPet/accessories/white-chef-hat.png
[  LOG  ] Hashing path: resources/app/out/vs/workbench/contrib/chat/browser/widget/media/chatPet/buddy-clapping-insiders-tracking-96.png
[  LOG  ] Hashing path: resources/app/out/vs/workbench/contrib/chat/browser/widget/media/chatPet/buddy-clapping-insiders-tracking-96.spritesheet.png
[  LOG  ] Hashing path: resources/app/out/vs/workbench/contrib/chat/browser/widget/media/chatPet/buddy-clapping-stable-tracking-96.png
[  LOG  ] Hashing path: resources/app/out/vs/workbench/contrib/chat/browser/widget/media/chatPet/buddy-clapping-stable-tracking-96.spritesheet.png
[  LOG  ] Hashing path: resources/app/out/vs/workbench/contrib/chat/browser/widget/media/chatPet/buddy-cool-insiders-96.png
[  LOG  ] Hashing path: resources/app/out/vs/workbench/contrib/chat/browser/widget/media/chatPet/buddy-cool-insiders-96.spritesheet.png
[  LOG  ] Hashing path: resources/app/out/vs/workbench/contrib/chat/browser/widget/media/chatPet/buddy-cool-stable-96.png
[  LOG  ] Hashing path: resources/app/out/vs/workbench/contrib/chat/browser/widget/media/chatPet/buddy-cool-stable-96.spritesheet.png
[  LOG  ] Hashing path: resources/app/out/vs/workbench/contrib/chat/browser/widget/media/chatPet/buddy-dizzy-insiders-128.png
[  LOG  ] Hashing path: resources/app/out/vs/workbench/contrib/chat/browser/widget/media/chatPet/buddy-dizzy-insiders-128.spritesheet.png
[  LOG  ] Hashing path: resources/app/out/vs/workbench/contrib/chat/browser/widget/media/chatPet/buddy-dizzy-stable-128.spritesheet.png
[  LOG  ] Hashing path: resources/app/out/vs/workbench/contrib/chat/browser/widget/media/chatPet/buddy-falling-insiders-96.png
[  LOG  ] Hashing path: resources/app/out/vs/workbench/contrib/chat/browser/widget/media/chatPet/buddy-falling-insiders-96.spritesheet.png
[  LOG  ] Hashing path: resources/app/out/vs/workbench/contrib/chat/browser/widget/media/chatPet/buddy-falling-stable-96.png
[  LOG  ] Hashing path: resources/app/out/vs/workbench/contrib/chat/browser/widget/media/chatPet/buddy-falling-stable-96.spritesheet.png
[  LOG  ] Hashing path: resources/app/out/vs/workbench/contrib/chat/browser/widget/media/chatPet/buddy-idle-insiders-96.png
[  LOG  ] Hashing path: resources/app/out/vs/workbench/contrib/chat/browser/widget/media/chatPet/buddy-idle-insiders-96.spritesheet.png
[  LOG  ] Hashing path: resources/app/out/vs/workbench/contrib/chat/browser/widget/media/chatPet/buddy-idle-insiders-tracking-96.png
[  LOG  ] Hashing path: resources/app/out/vs/workbench/contrib/chat/browser/widget/media/chatPet/buddy-idle-insiders-tracking-96.spritesheet.png
[  LOG  ] Hashing path: resources/app/out/vs/workbench/contrib/chat/browser/widget/media/chatPet/buddy-idle-stable-96.png
[  LOG  ] Hashing path: resources/app/out/vs/workbench/contrib/chat/browser/widget/media/chatPet/buddy-idle-stable-96.spritesheet.png
[  LOG  ] Hashing path: resources/app/out/vs/workbench/contrib/chat/browser/widget/media/chatPet/buddy-idle-stable-tracking-96.png
[  LOG  ] Hashing path: resources/app/out/vs/workbench/contrib/chat/browser/widget/media/chatPet/buddy-idle-stable-tracking-96.spritesheet.png
[  LOG  ] Hashing path: resources/app/out/vs/workbench/contrib/chat/browser/widget/media/chatPet/buddy-jump-insiders-96.png
[  LOG  ] Hashing path: resources/app/out/vs/workbench/contrib/chat/browser/widget/media/chatPet/buddy-jump-insiders-96.spritesheet.png
[  LOG  ] Hashing path: resources/app/out/vs/workbench/contrib/chat/browser/widget/media/chatPet/buddy-jump-stable-96.png
[  LOG  ] Hashing path: resources/app/out/vs/workbench/contrib/chat/browser/widget/media/chatPet/buddy-jump-stable-96.spritesheet.png
[  LOG  ] Hashing path: resources/app/out/vs/workbench/contrib/chat/browser/widget/media/chatPet/buddy-love-insiders-96.png
[  LOG  ] Hashing path: resources/app/out/vs/workbench/contrib/chat/browser/widget/media/chatPet/buddy-love-insiders-96.spritesheet.png
[  LOG  ] Hashing path: resources/app/out/vs/workbench/contrib/chat/browser/widget/media/chatPet/buddy-love-stable-96.png
[  LOG  ] Hashing path: resources/app/out/vs/workbench/contrib/chat/browser/widget/media/chatPet/buddy-love-stable-96.spritesheet.png
[  LOG  ] Hashing path: resources/app/out/vs/workbench/contrib/chat/browser/widget/media/chatPet/buddy-press-button-insiders-96.png
[  LOG  ] Hashing path: resources/app/out/vs/workbench/contrib/chat/browser/widget/media/chatPet/buddy-press-button-insiders-96.spritesheet.png
[  LOG  ] Hashing path: resources/app/out/vs/workbench/contrib/chat/browser/widget/media/chatPet/buddy-press-button-stable-96.png
[  LOG  ] Hashing path: resources/app/out/vs/workbench/contrib/chat/browser/widget/media/chatPet/buddy-press-button-stable-96.spritesheet.png
[  LOG  ] Hashing path: resources/app/out/vs/workbench/contrib/chat/browser/widget/media/chatPet/buddy-rendering-insiders-tracking-96.png
[  LOG  ] Hashing path: resources/app/out/vs/workbench/contrib/chat/browser/widget/media/chatPet/buddy-rendering-insiders-tracking-96.spritesheet.png
[  LOG  ] Hashing path: resources/app/out/vs/workbench/contrib/chat/browser/widget/media/chatPet/buddy-rendering-stable-tracking-96.png
[  LOG  ] Hashing path: resources/app/out/vs/workbench/contrib/chat/browser/widget/media/chatPet/buddy-rendering-stable-tracking-96.spritesheet.png
[  LOG  ] Hashing path: resources/app/out/vs/workbench/contrib/chat/browser/widget/media/chatPet/buddy-respawn-insiders-96.png
[  LOG  ] Hashing path: resources/app/out/vs/workbench/contrib/chat/browser/widget/media/chatPet/buddy-respawn-insiders-96.spritesheet.png
[  LOG  ] Hashing path: resources/app/out/vs/workbench/contrib/chat/browser/widget/media/chatPet/buddy-respawn-stable-96.png
[  LOG  ] Hashing path: resources/app/out/vs/workbench/contrib/chat/browser/widget/media/chatPet/buddy-respawn-stable-96.spritesheet.png
[  LOG  ] Hashing path: resources/app/out/vs/workbench/contrib/chat/browser/widget/media/chatPet/buddy-search-insiders-96.png
[  LOG  ] Hashing path: resources/app/out/vs/workbench/contrib/chat/browser/widget/media/chatPet/buddy-dizzy-stable-128.png
[  LOG  ] Hashing path: resources/app/out/vs/workbench/contrib/chat/browser/widget/media/chatPet/buddy-search-insiders-96.spritesheet.png
[  LOG  ] Hashing path: resources/app/out/vs/workbench/contrib/chat/browser/widget/media/chatPet/buddy-search-stable-96.spritesheet.png
[  LOG  ] Hashing path: resources/app/out/vs/workbench/contrib/chat/browser/widget/media/chatPet/buddy-search-stable-96.png
[  LOG  ] Hashing path: resources/app/out/vs/workbench/contrib/chat/browser/widget/media/chatPet/buddy-sing-insiders-124.png
[  LOG  ] Hashing path: resources/app/out/vs/workbench/contrib/chat/browser/widget/media/chatPet/buddy-sing-insiders-124.spritesheet.png
[  LOG  ] Hashing path: resources/app/out/vs/workbench/contrib/chat/browser/widget/media/chatPet/buddy-sing-stable-124.spritesheet.png
[  LOG  ] Hashing path: resources/app/out/vs/workbench/contrib/chat/browser/widget/media/chatPet/buddy-sleep-insiders-96.png
[  LOG  ] Hashing path: resources/app/out/vs/workbench/contrib/chat/browser/widget/media/chatPet/buddy-sleep-insiders-96.spritesheet.png
[  LOG  ] Hashing path: resources/app/out/vs/workbench/contrib/chat/browser/widget/media/chatPet/buddy-sing-stable-124.png
[  LOG  ] Hashing path: resources/app/out/vs/workbench/contrib/chat/browser/widget/media/chatPet/buddy-sleep-stable-96.png
[  LOG  ] Hashing path: resources/app/out/vs/workbench/contrib/chat/browser/widget/media/chatPet/buddy-sleep-stable-96.spritesheet.png
[  LOG  ] Hashing path: resources/app/out/vs/workbench/contrib/chat/browser/widget/media/chatPet/buddy-speech-insiders-96.png
[  LOG  ] Hashing path: resources/app/out/vs/workbench/contrib/chat/browser/widget/media/chatPet/buddy-speech-insiders-96.spritesheet.png
[  LOG  ] Hashing path: resources/app/out/vs/workbench/contrib/chat/browser/widget/media/chatPet/buddy-speech-stable-96.png
[  LOG  ] Hashing path: resources/app/out/vs/workbench/contrib/chat/browser/widget/media/chatPet/buddy-speech-stable-96.spritesheet.png
[  LOG  ] Hashing path: resources/app/out/vs/workbench/contrib/chat/browser/widget/media/chatPet/buddy-speechless-insiders-96.png
[  LOG  ] Hashing path: resources/app/out/vs/workbench/contrib/chat/browser/widget/media/chatPet/buddy-speechless-insiders-96.spritesheet.png
[  LOG  ] Hashing path: resources/app/out/vs/workbench/contrib/chat/browser/widget/media/chatPet/buddy-speechless-stable-96.png
[  LOG  ] Hashing path: resources/app/out/vs/workbench/contrib/chat/browser/widget/media/chatPet/buddy-speechless-stable-96.spritesheet.png
[  LOG  ] Hashing path: resources/app/out/vs/workbench/contrib/chat/browser/widget/media/chatPet/buddy-splat-insiders-96.png
[  LOG  ] Hashing path: resources/app/out/vs/workbench/contrib/chat/browser/widget/media/chatPet/buddy-splat-insiders-96.spritesheet.png
[  LOG  ] Hashing path: resources/app/out/vs/workbench/contrib/chat/browser/widget/media/chatPet/buddy-splat-stable-96.png
[  LOG  ] Hashing path: resources/app/out/vs/workbench/contrib/chat/browser/widget/media/chatPet/buddy-splat-stable-96.spritesheet.png
[  LOG  ] Hashing path: resources/app/out/vs/workbench/contrib/chat/browser/widget/media/chatPet/buddy-typing-insiders-96.png
[  LOG  ] Hashing path: resources/app/out/vs/workbench/contrib/chat/browser/widget/media/chatPet/buddy-typing-insiders-96.spritesheet.png
[  LOG  ] Hashing path: resources/app/out/vs/workbench/contrib/chat/browser/widget/media/chatPet/buddy-typing-stable-96.png
[  LOG  ] Hashing path: resources/app/out/vs/workbench/contrib/chat/browser/widget/media/chatPet/buddy-typing-stable-96.spritesheet.png
[  LOG  ] Hashing path: resources/app/out/vs/workbench/contrib/chat/browser/widget/media/chatPet/buddy-waking-insiders-96.png
[  LOG  ] Hashing path: resources/app/out/vs/workbench/contrib/chat/browser/widget/media/chatPet/buddy-waking-stable-96.png
[  LOG  ] Hashing path: resources/app/out/vs/workbench/contrib/chat/browser/widget/media/chatPet/buddy-waking-insiders-96.spritesheet.png
[  LOG  ] Hashing path: resources/app/out/vs/workbench/contrib/chat/browser/widget/media/chatPet/buddy-waking-stable-96.spritesheet.png
[  LOG  ] Hashing path: resources/app/out/vs/workbench/contrib/chat/browser/widget/media/chatPet/buddy-wall-impact-insiders-96.png
[  LOG  ] Hashing path: resources/app/out/vs/workbench/contrib/chat/browser/widget/media/chatPet/buddy-wall-impact-stable-96.png
[  LOG  ] Hashing path: resources/app/out/vs/workbench/contrib/chat/browser/widget/media/chatPet/buddy-worry-insiders-96.png
[  LOG  ] Hashing path: resources/app/out/vs/workbench/contrib/chat/browser/widget/media/chatPet/buddy-worry-insiders-96.spritesheet.png
[  LOG  ] Hashing path: resources/app/out/vs/workbench/contrib/chat/browser/widget/media/chatPet/buddy-worry-stable-96.png
[  LOG  ] Hashing path: resources/app/out/vs/workbench/contrib/chat/browser/widget/media/chatPet/buddy-worry-stable-96.spritesheet.png
[  LOG  ] Hashing path: resources/app/out/vs/workbench/contrib/chat/browser/widget/media/chatPet/buddy-yapping-insiders-96.spritesheet.png
[  LOG  ] Hashing path: resources/app/out/vs/workbench/contrib/chat/browser/widget/media/chatPet/buddy-yapping-insiders-96.png
[  LOG  ] Hashing path: resources/app/out/vs/workbench/contrib/chat/browser/widget/media/chatPet/buddy-yapping-stable-96.png
[  LOG  ] Hashing path: resources/app/out/vs/workbench/contrib/chat/browser/widget/media/chatPet/buddy-yapping-stable-96.spritesheet.png
[  LOG  ] Hashing path: resources/app/out/vs/workbench/contrib/debug/browser/media/continue-tb.png
[  LOG  ] Hashing path: resources/app/out/vs/workbench/contrib/debug/browser/media/pause-tb.png
[  LOG  ] Hashing path: resources/app/out/vs/workbench/contrib/debug/browser/media/restart-tb.png
[  LOG  ] Hashing path: resources/app/out/vs/workbench/contrib/debug/browser/media/run-with-debugging-tb.png
[  LOG  ] Hashing path: resources/app/out/vs/workbench/contrib/debug/browser/media/stepinto-tb.png
[  LOG  ] Hashing path: resources/app/out/vs/workbench/contrib/debug/browser/media/stepout-tb.png
[  LOG  ] Hashing path: resources/app/out/vs/workbench/contrib/debug/browser/media/stepover-tb.png
[  LOG  ] Hashing path: resources/app/out/vs/workbench/contrib/debug/node/telemetryApp.js
[  LOG  ] Hashing path: resources/app/out/vs/workbench/contrib/debug/browser/media/stop-tb.png
[  LOG  ] Hashing path: resources/app/out/vs/workbench/contrib/extensions/browser/media/language-icon.svg
[  LOG  ] Hashing path: resources/app/out/vs/workbench/contrib/extensions/browser/media/theme-icon.png
[  LOG  ] Hashing path: resources/app/out/vs/workbench/contrib/externalTerminal/node/TerminalHelper.scpt
[  LOG  ] Hashing path: resources/app/out/vs/workbench/contrib/externalTerminal/node/iTermHelper.scpt
[  LOG  ] Hashing path: resources/app/out/vs/workbench/contrib/notebook/common/services/notebookWebWorkerMain.js
[  LOG  ] Hashing path: resources/app/out/vs/workbench/contrib/output/common/outputLinkComputerMain.js
[  LOG  ] Hashing path: resources/app/out/vs/workbench/contrib/terminal/common/scripts/psreadline/Microsoft.PowerShell.PSReadLine.dll
[  LOG  ] Hashing path: resources/app/out/vs/workbench/contrib/terminal/common/scripts/psreadline/Microsoft.PowerShell.Pager.dll
[  LOG  ] Hashing path: resources/app/out/vs/workbench/contrib/terminal/common/scripts/psreadline/PSReadLine.format.ps1xml
[  LOG  ] Hashing path: resources/app/out/vs/workbench/contrib/terminal/common/scripts/psreadline/PSReadLine.psd1
[  LOG  ] Hashing path: resources/app/out/vs/workbench/contrib/terminal/common/scripts/psreadline/PSReadLine.psm1
[  LOG  ] Hashing path: resources/app/out/vs/workbench/contrib/terminal/common/scripts/psreadline/net6plus/Microsoft.PowerShell.PSReadLine.Polyfiller.dll
[  LOG  ] Hashing path: resources/app/out/vs/workbench/contrib/terminal/common/scripts/psreadline/netstd/Microsoft.PowerShell.PSReadLine.Polyfiller.dll
[  LOG  ] Hashing path: resources/app/out/vs/workbench/contrib/terminal/common/scripts/shellIntegration-bash.sh
[  LOG  ] Hashing path: resources/app/out/vs/workbench/contrib/terminal/common/scripts/shellIntegration-env.zsh
[  LOG  ] Hashing path: resources/app/out/vs/workbench/contrib/terminal/common/scripts/shellIntegration-profile.zsh
[  LOG  ] Hashing path: resources/app/out/vs/workbench/contrib/terminal/common/scripts/shellIntegration-login.zsh
[  LOG  ] Hashing path: resources/app/out/vs/workbench/contrib/terminal/common/scripts/shellIntegration-rc.zsh
[  LOG  ] Hashing path: resources/app/out/vs/workbench/contrib/terminal/common/scripts/shellIntegration.fish
[  LOG  ] Hashing path: resources/app/out/vs/workbench/contrib/webview/browser/pre/fake.html
[  LOG  ] Hashing path: resources/app/out/vs/workbench/contrib/terminal/common/scripts/shellIntegration.ps1
[  LOG  ] Hashing path: resources/app/out/vs/workbench/contrib/webview/browser/pre/index.html
[  LOG  ] Hashing path: resources/app/out/vs/workbench/contrib/webview/browser/pre/service-worker.js
[  LOG  ] Hashing path: resources/app/out/vs/workbench/contrib/welcomeGettingStarted/common/media/ai-powered-suggestions.svg
[  LOG  ] Hashing path: resources/app/out/vs/workbench/contrib/welcomeGettingStarted/common/media/commandPalette.svg
[  LOG  ] Hashing path: resources/app/out/vs/workbench/contrib/welcomeGettingStarted/common/media/customize-ai.svg
[  LOG  ] Hashing path: resources/app/out/vs/workbench/contrib/welcomeGettingStarted/common/media/dark-hc.png
[  LOG  ] Hashing path: resources/app/out/vs/workbench/contrib/welcomeGettingStarted/common/media/dark.png
[  LOG  ] Hashing path: resources/app/out/vs/workbench/contrib/welcomeGettingStarted/common/media/debug.svg
[  LOG  ] Hashing path: resources/app/out/vs/workbench/contrib/welcomeGettingStarted/common/media/extensions-web.svg
[  LOG  ] Hashing path: resources/app/out/vs/workbench/contrib/welcomeGettingStarted/common/media/extensions.svg
[  LOG  ] Hashing path: resources/app/out/vs/workbench/contrib/welcomeGettingStarted/common/media/git.svg
[  LOG  ] Hashing path: resources/app/out/vs/workbench/contrib/welcomeGettingStarted/common/media/languages.svg
[  LOG  ] Hashing path: resources/app/out/vs/workbench/contrib/welcomeGettingStarted/common/media/learn.svg
[  LOG  ] Hashing path: resources/app/out/vs/workbench/contrib/welcomeGettingStarted/common/media/light-hc.png
[  LOG  ] Hashing path: resources/app/out/vs/workbench/contrib/welcomeGettingStarted/common/media/light.png
[  LOG  ] Hashing path: resources/app/out/vs/workbench/contrib/welcomeGettingStarted/common/media/menuBar.svg
[  LOG  ] Hashing path: resources/app/out/vs/workbench/contrib/welcomeGettingStarted/common/media/multi-file-edits.svg
[  LOG  ] Hashing path: resources/app/out/vs/workbench/contrib/welcomeGettingStarted/common/media/notebookThemes/colab.png
[  LOG  ] Hashing path: resources/app/out/vs/workbench/contrib/welcomeGettingStarted/common/media/notebookThemes/default.png
[  LOG  ] Hashing path: resources/app/out/vs/workbench/contrib/welcomeGettingStarted/common/media/notebookThemes/jupyter.png
[  LOG  ] Hashing path: resources/app/out/vs/workbench/contrib/welcomeGettingStarted/common/media/openFolder.svg
[  LOG  ] Hashing path: resources/app/out/vs/workbench/contrib/welcomeGettingStarted/common/media/profiles.svg
[  LOG  ] Hashing path: resources/app/out/vs/workbench/contrib/welcomeGettingStarted/common/media/runTask.svg
[  LOG  ] Hashing path: resources/app/out/vs/workbench/contrib/welcomeGettingStarted/common/media/search.svg
[  LOG  ] Hashing path: resources/app/out/vs/workbench/contrib/welcomeGettingStarted/common/media/settings.svg
[  LOG  ] Hashing path: resources/app/out/vs/workbench/contrib/welcomeGettingStarted/common/media/settingsSync.svg
[  LOG  ] Hashing path: resources/app/out/vs/workbench/contrib/welcomeGettingStarted/common/media/shortcuts.svg
[  LOG  ] Hashing path: resources/app/out/vs/workbench/contrib/welcomeGettingStarted/common/media/terminal.svg
[  LOG  ] Hashing path: resources/app/out/vs/workbench/contrib/welcomeGettingStarted/common/media/workspaceTrust.svg
[  LOG  ] Hashing path: resources/app/out/vs/workbench/contrib/welcomeOnboarding/browser/media/theme-preview-dark-2026.svg
[  LOG  ] Hashing path: resources/app/out/vs/workbench/contrib/welcomeOnboarding/browser/media/theme-preview-hc-dark.svg
[  LOG  ] Hashing path: resources/app/out/vs/workbench/contrib/welcomeOnboarding/browser/media/theme-preview-hc-light.svg
[  LOG  ] Hashing path: resources/app/out/vs/workbench/contrib/welcomeOnboarding/browser/media/theme-preview-light-2026.svg
[  LOG  ] Hashing path: resources/app/out/vs/workbench/contrib/welcomeOnboarding/browser/media/theme-preview-solarized-dark.svg
[  LOG  ] Hashing path: resources/app/out/vs/workbench/services/extensions/worker/webWorkerExtensionHostIframe.html
[  LOG  ] Hashing path: resources/app/out/vs/workbench/contrib/welcomeOnboarding/browser/media/theme-preview-solarized-light.svg
[  LOG  ] Hashing path: resources/app/out/vs/workbench/services/languageDetection/browser/languageDetectionWebWorkerMain.js
[  LOG  ] Hashing path: resources/app/out/vs/workbench/services/search/worker/localFileSearchMain.js
[  LOG  ] Hashing path: resources/app/out/vs/workbench/services/textMate/browser/backgroundTokenization/worker/textMateTokenizationWorker.workerMain.js
[  LOG  ] Hashing path: resources/app/out/vs/workbench/workbench.desktop.main.css
[  LOG  ] Hashing path: resources/app/out/vs/workbench/workbench.desktop.main.js
[  LOG  ] Hashing path: resources/app/out/vscode-dts/vscode.d.ts
[  LOG  ] Hashing path: resources/app/package.json
[  LOG  ] Hashing path: resources/app/policies/policy.json
[  LOG  ] Hashing path: resources/app/product.json
[  LOG  ] Hashing path: resources/app/resources/linux/code.png
[  LOG  ] Hashing path: resources/app/telemetry-core.json
[  LOG  ] Hashing path: resources/app/telemetry-extensions.json
[  LOG  ] Hashing path: resources/completions/bash/code
[  LOG  ] Hashing path: resources/completions/zsh/_code
[  LOG  ] Hashing path: snapshot_blob.bin
[  LOG  ] Hashing path: v8_context_snapshot.bin
[  LOG  ] Hashing path: vk_swiftshader_icd.json
[SUCCESS] SHA sums matched.
[  LOG  ] Reading manifest file...
[  LOG  ] Manifest decoded successfully.
[  LOG  ] Manifest validation completed.
[SUCCESS] Parsed pket-config.toml.
[  LOG  ] Package UID: microsoft.vscode
[  LOG  ] Package name: VSCode
[  LOG  ] Installation directory: /home/aliahmad/.local/share/pket/microsoft.vscode
[WARNING] Package UID is already installed; updating existing package.
Package is already installed. Do you want to update it? [y/N] y
[  LOG  ] Preparing installation staging directory: /home/aliahmad/.local/share/pket/.microsoft.vscode.installing
[  LOG  ] Linked package archive: /home/aliahmad/.local/share/pket/.pket-install-765468493/VSCode.pkt
[  LOG  ] Applying executable permissions...
[  LOG  ] Set executable permissions: /home/aliahmad/.local/share/pket/.pket-install-765468493/payload/code
[  LOG  ] Moving existing installation to backup: /home/aliahmad/.local/share/pket/.microsoft.vscode.previous
[  LOG  ] Preparing verified package for activation...
[  LOG  ] Activating installation directory...
[  LOG  ] Removing externally created files from previous installation...
[  LOG  ] Removed external file: /home/aliahmad/.local/bin/code
[  LOG  ] Creating executable links...
[  LOG  ] Executable link directory: /home/aliahmad/.local/bin
[  LOG  ] Created executable link: /home/aliahmad/.local/bin/code -> /home/aliahmad/.local/share/pket/microsoft.vscode/payload/code
[  LOG  ] Wrote externally created files list: /home/aliahmad/.local/share/pket/microsoft.vscode/pket-manifest/files.lst
[SUCCESS] Package updated successfully.
[  LOG  ] Removing temporary dir.
[SUCCESS] Removed temporary files.
